variety,variety_trim,alternate,breeder,color,crop,type,number,release_year,technology,
10X003RW,10X003RW,KKS 8403 R,Klein Karoo Seed Marketing,White,Zea mays,GM,A 20143462,20140822,RW,0
12W0361,12W0361,,Klein Karoo Seed Marketing,White,Zea mays,HB,A 20163860,20160913,0,0
13W0023,13W0023,KKS 8423,Klein Karoo Seed Marketing,White,Zea mays,HB,A 20163861,20160913,0,0
13W0024,13W0024,KKS 8427,Klein Karoo Seed Marketing,White,Zea mays,HB,A 20163862,20160913,0,0
13W0708,13W0708,,Klein Karoo Seed Marketing,White,Zea mays,HB,A 20184168,20181005,0,0
13Y1191,13Y1191,,Klein Karoo Seed Marketing,Yellow,Zea mays,HB,A 20174030,20171010,0,0
14W0030,14W0030,,Klein Karoo Seed Marketing,White,Zea mays,HB,A 20184169,20181005,0,0
15W0050,15W0050,,Klein Karoo Seed Marketing,White,Zea mays,HB,A 20184170,20181005,0,0
15W0053 R,15W0053R,,Klein Karoo Seed Marketing,White,Zea mays,GM,A 20194294,20190912,R,R
15W0055,15W0055,KKS 8555 R,Klein Karoo Seed Marketing,White,Zea mays,GM,A 20184153,20180816,55,0
15W0074,15W0074,,Klein Karoo Seed Marketing,White,Zea mays,HB,A 20184171,20181005,0,0
15Y1208 B,15Y1208B,KKS 8418 B,Klein Karoo Seed Marketing,Yellow,Zea mays,GM,A 20194256,20190912,B,B
3X23B144WY,3X23B144WY,,Klein Karoo Seed Marketing,White,Zea mays,HB,,,0,0
3X28B174WYB,3X28B174WYB,,Klein Karoo Seed Marketing,White,Zea mays,GM,,,B,B
AF94894946W BR,AF94894946WBR,P2865W BR,Corteva Agriscience RSA,White,Zea mays,GM,A 20194283,20190912,BR,BR
AFG 4270 B,AFG4270B,KKS 4270 B,Klein Karoo Seed Marketing,Yellow,Zea mays,GM,A 20102767,20100806,B,B
AFG 4321,AFG4321,,Klein Karoo Seed Marketing,White,Zea mays,HB,A 20052246,20051011,0,0
AFG 4383,AFG4383,KKS 4383,Klein Karoo Seed Marketing,White,Zea mays,HB,A 20102790,20100908,0,0
AFG 4410,AFG4410,KKS 4410,Klein Karoo Seed Marketing,Yellow,Zea mays,HB,A 20042059,20040820,0,0
AFG 4412 B,AFG4412B,KKS 4412 B,Klein Karoo Seed Marketing,Yellow,Zea mays,GM,A 20062389,20060801,B,B
AFG 4414,AFG4414,KKS 4414,Klein Karoo Seed Marketing,Yellow,Zea mays,HB,A 20072485,20070801,0,0
AFG 4434 R,AFG4434R,KKS 4434 R,Klein Karoo Seed Marketing,Yellow,Zea mays,GM,A 20072487,20070801,R,R
AFG 4474 R,AFG4474R,KKS 4474 R,Klein Karoo Seed Marketing,Yellow,Zea mays,GM,A 20102762,20100806,R,R
AFG 4475 B,AFG4475B,,Klein Karoo Seed Marketing,White,Zea mays,GM,A 20082587,20080807,B,B
AFG 4476,AFG4476,KKS 4476,Klein Karoo Seed Marketing,Yellow,Zea mays,HB,A 20082617,20080731,0,0
AFG 4479 R,AFG4479R,KKS 4479 R,Klein Karoo Seed Marketing,White,Zea mays,GM,A20082589,20080807,R,R
AFG 4517,AFG4517,KKS 4517,Klein Karoo Seed Marketing,White,Zea mays,HB,A 20052251,20051011,0,0
AFG 4520,AFG4520,KKS 4520,Klein Karoo Seed Marketing,Yellow,Zea mays,HB,A 20042064,20040820,0,0
AFG 4522 B,AFG4522B,KKS 4522 B,Klein Karoo Seed Marketing,Yellow,Zea mays,GM,A 20062392,20060801,B,B
AFG 4530,AFG4530,KKS 4530,Klein Karoo Seed Marketing,Yellow,Zea mays,HB,A 20052237,20051011,0,0
AFG 4540,AFG4540,KKS 4540,Klein Karoo Seed Marketing,Yellow,Zea mays,HB,A 20042065,20040820,0,0
AFG 4555,AFG4555,KKS 4555,Klein Karoo Seed Marketing,White,Zea mays,HB,A 20072494,20070801,0,0
AFG 4572 R,AFG4572R,KKS 4572 R,Klein Karoo Seed Marketing,Yellow,Zea mays,GM,A 20102763,20100806,R,R
AFG 4573 B,AFG4573B,KKS 4573 B,Klein Karoo Seed Marketing,White,Zea mays,GM,A20082591,20080807,B,B
AFG 4577 B,AFG4577B,KKS 4577 B,Klein Karoo Seed Marketing,White,Zea mays,GM,A20082593,20080807,B,B
AFG 4581 BR,AFG4581BR,KKS 4581 BR,Klein Karoo Seed Marketing,White,Zea mays,GM,A 20102732,20100521,BR,BR
AFG 4611,AFG4611,,Klein Karoo Seed Marketing,White,Zea mays,HB,A 20072495,20070801,0,0
AFG 4663,AFG4663,,Klein Karoo Seed Marketing,White,Zea mays,HB,A 20072496,20070801,0,0
Afric 1,Afric1,,Klein Karoo Seed Marketing,White,Zea mays,OP,A 20031863,20030710,0,0
Afric Red,AfricRed,,Nelson Genetics/KKSM,Yellow,Zea mays,OP,A 20133306,20130912,0,0
Amber,Amber,,Delta Seed,Yellow,Zea mays,HB,A 20031897,20030707,0,0
APEX,APEX,,Quality Seed,Yellow,Zea mays,HB,A 20194307,20191007,0,0
AS01MW,AS01MW,,Agri-Seed & Technologies,White,Zea mays,HB,A 20174045,20171016,0,0
AS03MW,AS03MW,,Agri-Seed & Technologies,White,Zea mays,HB,A 20174046,20171016,0,0
Banana,Banana,Revolution,Nelson Genetics/Agricol,White,Zea mays,HB,A 20123087,20120724,0,0
BG 3268,BG3268,P 1395,Corteva Agriscience RSA,Yellow,Zea mays,HB,A 20133311,20130912,0,0
BG 3292,BG3292,PHB 32D78,Corteva Agriscience RSA,Yellow,Zea mays,HB,A 20123160,20120814,0,0
BG 3492 B,BG3492B,PHB 3X6H922 T B,Corteva Agriscience RSA,Yellow,Zea mays,GM,A 20102771,20100816,B,B
BG 3568 R,BG3568R,P 1395R R,Corteva Agriscience RSA,Yellow,Zea mays,GM,A 20123170,20120814,R,R
BG 3592 R,BG3592R,PHB 32D77 R,Corteva Agriscience RSA,Yellow,Zea mays,GM,A 20123178,20120814,R,R
BG 3768 BR,BG3768BR,P 1395YR BR,Corteva Agriscience RSA,Yellow,Zea mays,GM,A 20123171,20120814,BR,BR
BG 3792 BR,BG3792BR,,Corteva Agriscience RSA,Yellow,Zea mays,GM,A 20143480,20140822,BR,BR
BG 4201,BG4201,,Corteva Agriscience RSA,White,Zea mays,HB,A 20123098,20120724,0,0
BG 4296,BG4296,PHB 3X6F695,Corteva Agriscience RSA,Yellow,Zea mays,HB,A 20102812,20100907,0,0
BG 4401 B,BG4401B,,Corteva Agriscience RSA,White,Zea mays,GM,A 20112954,20110729,B,B
BG 5285,BG5285,PAN 5285,Corteva Agriscience RSA,White,Zea mays,HB,A 20123105,20120724,0,0
BG 5485 B,BG5485B,,Corteva Agriscience RSA,White,Zea mays,GM,A 20112956,20110729,B,B
BG 5685 R,BG5685R,PAN 5685 R,Corteva Agriscience RSA,White,Zea mays,GM,A 20112958,20110729,R,R
BG 5785 BR,BG5785BR,,Corteva Agriscience RSA,White,Zea mays,GM,A 20143463,20140822,BR,BR
BG 6283,BG6283,,Corteva Agriscience RSA,White,Zea mays,HB,A 20123103,20120724,0,0
BG 6308 B,BG6308B,PHB 3SA50154084B,Corteva Agriscience RSA,Yellow,Zea mays,GM,A 20143481,20140822,B,B
BG 6683 R,BG6683R,,Corteva Agriscience RSA,White,Zea mays,GM,A 20112957,20110729,R,R
Border King,BorderKing,,,White,Zea mays,OP,,Voluntary on list,0,0
Border King NI/05,BorderKingNI/05,,Northern Seed Producers,White,Zea mays,OP,A 20052217,20050818,0,0
CAP 121-30,CAP121-30,,Capstone Seeds,Yellow,Zea mays,HB,A 20042055,20040820,0,0
CAP 122-60,CAP122-60,,Capstone Seeds,Yellow,Zea mays,HB,A 20133308,20130912,0,0
CAP 130-120,CAP130-120,,Capstone Seeds,Yellow,Zea mays,HB,A20123154,20120814,0,0
CAP 311,CAP311,,Capstone Seeds,White,Zea mays,OP,A 20042058,20040820,0,0
CAP 341 NG,CAP341NG,,Nelson Genetics/Capstone Seeds,White,Zea mays,HB,A 20021758,20020910,0,0
CAP 441 NG,CAP441NG,,Nelson Genetics/Capstone Seeds,White,Zea mays,HB,A 20052211,20050818,0,0
CAP 444 NG,CAP444NG,,Nelson Genetics/Capstone Seeds,Yellow,Zea mays,HB,A 20052210,20050818,0,0
CAP 766 NG,CAP766NG,,Nelson Genetics/Capstone Seeds,Yellow,Zea mays,HB,A 20042056,20040820,0,0
CAP 775 NG,CAP775NG,,Nelson Genetics/Capstone Seeds,White,Zea mays,HB,A 20052212,20050818,0,0
CAP 9001,CAP9001,,Capstone Seeds,White,Zea mays,HB,A 20062368,20060823,0,0
CAP 9004,CAP9004,,Nelson Genetics/Capstone Seeds,Yellow,Zea mays,HB,A 20123155,20120814,0,0
CAP 9006 QS,CAP9006QS,,Capstone Seeds,Yellow,Zea mays,HB QP,A 20133319,20130912,0,0
CAP 9013,CAP9013,,Capstone Seeds,White,Zea mays,HB,A 20123088,20120724,0,0
CAP 9021,CAP9021,,Capstone Seeds,White,Zea mays,HB,A 20163863,20160913,0,0
CAP 9301,CAP9301,,Capstone Seeds,White,Zea mays,HB,A 20163864,20160913,0,0
CAP 9303,CAP9303,,Capstone Seeds,White,Zea mays,HB,A 20163865,20160913,0,0
CAP 9305,CAP9305,,Capstone Seeds,White,Zea mays,HB,A 20163866,20160913,0,0
CAP 9401,CAP9401,,Nelson Genetics/Capstone Seeds,White,Zea mays,HB,A 20184172,20181005,0,0
CAP 9403,CAP9403,,Capstone Seeds,White,Zea mays,HB,A 20163867,20160913,0,0
CAP 9405,CAP9405,,Capstone Seeds,White,Zea mays,HB,A 20163868,20160913,0,0
CAP 9444 NG,CAP9444NG,,Nelson Genetics/Capstone Seeds,Yellow,Zea mays,HB,A 20133309,20130912,0,0
CAP 9501,CAP9501,,Capstone Seeds,White,Zea mays,HB,A 20163869,20160913,0,0
CG 4141,CG4141,,Bayer (Pty) Ltd,White,Zea mays,HB,,Voluntary on list,0,0
Chokchai 999,Chokchai999,,Lichtenburg Scrapyard,Yellow,Zea mays,HB,A 20123156,20120814,0,0
Colorado,Colorado,,AGT Foods Africa,Yellow,Zea mays,OP,A 20021754,20020910,0,0
CRN 3505,CRN3505,,Bayer (Pty) Ltd,White,Zea mays,HB,A 20011637,20010925,0,0
CRN 3604,CRN3604,,Bayer (Pty) Ltd,Yellow,Zea mays,HB,A 981148,19980701,0,0
DAS 2A120,DAS2A120,,Klein Karoo Seed Marketing,Yellow,Zea mays,HB,A 20163835,20160908,0,0
DAS 2B587,DAS2B587,,Klein Karoo Seed Marketing,Yellow,Zea mays,HB,A 20163836,20160908,0,0
DE 111,DE111,,Delta Seed,White,Zea mays,HB,A 20123090,20120724,0,0
DE 2004,DE2004,,Wickens Investments,Yellow,Zea mays,HB,A 20062343,20060801,0,0
DE 2006,DE2006,,Delta Seed,Yellow,Zea mays,HB,A 20082639,20080731,0,0
DE 2016,DE2016,,Delta Seed,Yellow,Zea mays,HB,A 20133310,20130912,0,0
DE 222,DE222,,Delta Seed,Yellow,Zea mays,HB,A 20112968,20110805,0,0
DE 270,DE270,,Delta Seed,Yellow,Zea mays,HB,A 20143506,20141002,0,0
DE 303,DE303,,Delta Seed,White,Zea mays,HB,A 20133347,20130930,0,0
DE 308,DE308,,Delta Seed,Yellow,Zea mays,HB,A 20194308,20191007,0,0
DE 375,DE375,,Delta Seed,White,Zea mays,HB,A20123091,20120724,0,0
DK8031,DK8031,,Bayer (Pty) Ltd,White,Zea mays,HB,A 20072501,20070801,0,0
DKC2147,DKC2147,SNK 2147,Bayer (Pty) Ltd,White,Zea mays,HB,,Voluntary on list,0,0
DKC60-76BR,DKC60-76BR,,Bayer (Pty) Ltd,Yellow,Zea mays,GM,,,BR,BR
DKC61-90,DKC61-90,,Bayer (Pty) Ltd,Yellow,Zea mays,,,,0,0
DKC61-94 BR,DKC61-94BR,,Bayer (Pty) Ltd,Yellow,Zea mays,GM,A 20123165,20120814,BR,BR
DKC62-80 BR,DKC62-80BR,,Bayer (Pty) Ltd,Yellow,Zea mays,GM,A 20102860,20100816,BR,BR
DKC62-84 R,DKC62-84R,,Bayer (Pty) Ltd,Yellow,Zea mays,GM,A 20102861,20100816,R,R
DKC63-53,DKC63-53,,Bayer (Pty) Ltd,White,Zea mays,HB,A 20163870,20160913,0,0
DKC64-46 BR,DKC64-46BR,,Bayer (Pty) Ltd,Yellow,Zea mays,GM,A 20153637,20150728,BR,BR
DKC64-54 BR,DKC64-54BR,,Bayer (Pty) Ltd,Yellow,Zea mays,GM,A 20163793,20160726,BR,BR
DKC64-78 BR,DKC64-78BR,,Bayer (Pty) Ltd,Yellow,Zea mays,GM,A20102862,20100816,BR,BR
DKC65-52 BR,DKC65-52BR,,Bayer (Pty) Ltd,Yellow,Zea mays,GM,A 20163789,20160726,BR,BR
DKC65-60 BR,DKC65-60BR,,Bayer (Pty) Ltd,Yellow,Zea mays,GM,A 20174008,20170828,BR,BR
DKC66-36 R,DKC66-36R,,Bayer (Pty) Ltd,Yellow,Zea mays,GM,A 20042052,20040820,R,R
DKC66-60B,DKC66-60B,,Bayer (Pty) Ltd,Yellow,Zea mays,GM,,,B,B
DKC66-60BR,DKC66-60BR,,Bayer (Pty) Ltd,Yellow,Zea mays,GM,,,BR,BR
DKC68-50,DKC68-50,,Bayer (Pty) Ltd,Yellow,Zea mays,HB,A 20174031,20171010,0,0
DKC68-54 B,DKC68-54B,,Bayer (Pty) Ltd,Yellow,Zea mays,GM,A 20174019,20170828,B,B
DKC68-56 R,DKC68-56R,,Bayer (Pty) Ltd,Yellow,Zea mays,GM,A 20163790,20160726,R,R
DKC68-58 BR,DKC68-58BR,,Bayer (Pty) Ltd,Yellow,Zea mays,GM,A 20163791,20160726,BR,BR
DKC68-86 BR,DKC68-86BR,,Bayer (Pty) Ltd,Yellow,Zea mays,GM,A 20143482,20140822,BR,BR
DKC71-42,DKC71-42,,Bayer (Pty) Ltd,Yellow,Zea mays,HB,A 20163837,20160908,0,0
DKC71-44 B,DKC71-44B,,Bayer (Pty) Ltd,Yellow,Zea mays,GM,A 20163792,20160726,B,B
DKC72-70,DKC72-70,,Bayer (Pty) Ltd,Yellow,Zea mays,HB,A 20184188,20181108,0,0
DKC72-72 B,DKC72-72B,,Bayer (Pty) Ltd,Yellow,Zea mays,GM,A 20184147,20180816,B,B
DKC72-74 R,DKC72-74R,,Bayer (Pty) Ltd,Yellow,Zea mays,GM,A 20184146,20180816,R,R
DKC72-76 BR,DKC72-76BR,,Bayer (Pty) Ltd,Yellow,Zea mays,GM,A 20184148,20180816,BR,BR
DKC73-70 B,DKC73-70B,,Bayer (Pty) Ltd,Yellow,Zea mays,GM,A 20112987,20110805,B,B
DKC73-72,DKC73-72,,Bayer (Pty) Ltd,Yellow,Zea mays,HB,A 20102779,20100907,0,0
DKC73-74 BR,DKC73-74BR,,Bayer (Pty) Ltd,Yellow,Zea mays,GM,A 20082615,20080731,BR,BR
DKC73-76 R,DKC73-76R,,Bayer (Pty) Ltd,Yellow,Zea mays,GM,A 20082616,20080731,R,R
DKC74-20,DKC74-20,,Bayer (Pty) Ltd,Yellow,Zea mays,HB,A 20174032,20174032,0,0
DKC74-24 B,DKC74-24B,,Bayer (Pty) Ltd,Yellow,Zea mays,GM,A 20174020,20170828,B,B
DKC74-26 R,DKC74-26R,,Bayer (Pty) Ltd,Yellow,Zea mays,GM,A 20133320,20130912,R,R
DKC74-74 BR,DKC74-74BR,,Bayer (Pty) Ltd,Yellow,Zea mays,GM,A 20143483,20140822,BR,BR
DKC75-65 BR,DKC75-65BR,,Bayer (Pty) Ltd,White,Zea mays,GM,A 20173978,20170824,BR,BR
DKC76-61 B,DKC76-61B,,Bayer (Pty) Ltd,White,Zea mays,GM,A 20163767,20160726,B,B
DKC76-67 BR,DKC76-67BR,,Bayer (Pty) Ltd,White,Zea mays,GM,A 20173979,20170824,BR,BR
DKC76-73 R,DKC76-73R,,Bayer (Pty) Ltd,White,Zea mays,GM,A 20184154,20180816,R,R
DKC76-75 B,DKC76-75B,,Bayer (Pty) Ltd,White,Zea mays,GM,A 20204379,20201208,B,B
DKC76-77 BR,DKC76-77BR,,Bayer (Pty) Ltd,White,Zea mays,GM,A 20184155,20180816,BR,BR
DKC77-61B,DKC77-61B,,Bayer (Pty) Ltd,White,Zea mays,GM,,,B,B
DKC77-77 BR,DKC77-77BR,,Bayer (Pty) Ltd,White,Zea mays,GM,A 20123121,20120807,BR,BR
DKC77-85 B,DKC77-85B,,Bayer (Pty) Ltd,White,Zea mays,GM,A 20112947,20110729,B,B
DKC78-15B,DKC78-15B,,Bayer (Pty) Ltd,White,Zea mays,GM,,,B,B
DKC78-17 B,DKC78-17B,,Bayer (Pty) Ltd,White,Zea mays,GM,A 20123122 ,20120807,B,B
DKC78-27,DKC78-27,,Bayer (Pty) Ltd,White,Zea mays,HB,A 20133348,20130930,0,0
DKC78-35 R,DKC78-35R,,Bayer (Pty) Ltd,White,Zea mays,GM,A 20042054,20040820,R,R
DKC78-45 BR,DKC78-45BR,,Bayer (Pty) Ltd,White,Zea mays,GM,A 20072418,20070205,BR,BR
DKC78-49 BR,DKC78-49BR,,Bayer (Pty) Ltd,White,Zea mays,GM,A 20072419,20070205,BR,BR
DKC78-79 BR,DKC78-79BR,,Bayer (Pty) Ltd,White,Zea mays,GM,A 20123123,20120807,BR,BR
DKC78-83 R,DKC78-83R,,Bayer (Pty) Ltd,White,Zea mays,GM,A 20102856,20100521,R,R
DKC78-87 B,DKC78-87B,,Bayer (Pty) Ltd,White,Zea mays,GM,A 20123124,20120807,B,B
DKC80-10,DKC80-10,,Bayer (Pty) Ltd,Yellow,Zea mays,HB,A 20021703,20020707,0,0
DKC80-12 B,DKC80-12B,,Bayer (Pty) Ltd,Yellow,Zea mays,GM,A 20041968,20040226,B,B
DKC80-30 R,DKC80-30R,,Bayer (Pty) Ltd,Yellow,Zea mays,GM,A 20042053,20040820,R,R
DKC80-33,DKC80-33,,Bayer (Pty) Ltd,White,Zea mays,HB,A 20072502,20070801,0,0
DKC80-40 BR,DKC80-40BR,,Bayer (Pty) Ltd,Yellow,Zea mays,GM,A 20072417,20070205,BR,BR
DKC80-53,DKC80-53,,Bayer (Pty) Ltd,White,Zea mays,HB,A 20133349,20130930,0,0
DKC90-53,DKC90-53,,Bayer (Pty) Ltd,White,Zea mays,HB,A 20133351,20130930,0,0
DKC90-89,DKC90-89,,Bayer (Pty) Ltd,White,Zea mays,HB,A 20133350,20130930,0,0
EGEAN,EGEAN,,Quality Seed,Yellow,Zea mays,HB,A 20194309,20191007,0,0
ES Valerio,ESValerio,,Bayer (Pty) Ltd,Yellow,Zea mays,HB,A 20112969,20110805,0,0
GW3436,GW3436,,Quality Seed,Yellow,Zea mays,HB,A 20194310,20191007,0,0
GW4627,GW4627,,Quality Seed,Yellow,Zea mays,HB,A 20194311,20191007,0,0
HX11,HX11,,Hylix Genetics,White,Zea mays,HB,A 20174047,20171016,0,0
HX22,HX22,,Hylix Genetics,Yellow,Zea mays,HB,A 20174033,20171010,0,0
IMP50-10B,IMP50-10B,,Corteva Agriscience RSA,yellow,Zea mays,GM,,,B,B
IMP 50-10 BR,IMP50-10BR,,Corteva Agriscience RSA,Yellow,Zea mays,GM,A 20143484,20140822,BR,BR
IMP 50-10 R,IMP50-10R,,Corteva Agriscience RSA,Yellow,Zea mays,GM,A 20112961,20110805,R,R
IMP 50-90 BR,IMP50-90BR,,Corteva Agriscience RSA,Yellow,Zea mays,GM,A 20082645,20080731,BR,BR
IMP 51-22 B,IMP51-22B,,Corteva Agriscience RSA,Yellow,Zea mays,GM,A 20112962,20110805,B,B
IMP 51-22 BR,IMP51-22BR,,Corteva Agriscience RSA,Yellow,Zea mays,GM,A 20174009,20170828,BR,BR
IMP 51-92 R,IMP51-92R,,Corteva Agriscience RSA,Yellow,Zea mays,GM,A 20112963,20110805,R,R
IMP 52-11,IMP52-11,,Corteva Agriscience RSA,White,Zea mays,HB,A 20072474,20070801,0,0
IMP 52-11 B,IMP52-11B,PHB 3X23B142WY B,Corteva Agriscience RSA,White,Zea mays,GM,A 20133286,20130808,B,B
IMP 52-11 R,IMP52-11R,,Corteva Agriscience RSA,White,Zea mays,GM,A 20143465,20140822,R,R
IMP 52-12,IMP52-12,PHB 3X18A306,Corteva Agriscience RSA,Yellow,Zea mays,HB,A 20112978,20110805,0,0
IMP 52-12 BR,IMP52-12BR,,Corteva Agriscience RSA,Yellow,Zea mays,GM,A 20174010,20170828,BR,BR
IMP 52-12 R,IMP52-12R,,Corteva Agriscience RSA,Yellow,Zea mays,GM,A 20163794,20160726,R,R
IMP53-01,IMP53-01,,Corteva Agriscience RSA,White,Zea mays,HB,,,0,0
IMP53-03,IMP53-03,,Corteva Agriscience RSA,White,Zea mays,HB,,,0,0
IMP53-04,IMP53-04,,Corteva Agriscience RSA,Yellow,Zea mays,HB,,,0,0
IMP 53-13,IMP53-13,,Corteva Agriscience RSA,White,Zea mays,HB,A 20123096,20120724,0,0
IMP53-49B,IMP53-49B,,Corteva Agriscience RSA,White,Zea mays,GM,,,B,B
IMP 53-49 BR,IMP53-49BR,,Corteva Agriscience RSA,White,Zea mays,GM,A 20173980,20170824,BR,BR
IMP 53-49 R,IMP53-49R,,Corteva Agriscience RSA,White,Zea mays,GM,A 20174002,20170824,R,R
IMP53-77BR,IMP53-77BR,,Corteva Agriscience RSA,White,Zea mays,GM,,,BR,BR
JEMAT 301,JEMAT301,,Jermart Seeds,White,Zea mays,HB,A 20163871,20160913,0,0
JEMAT 401,JEMAT401,,Jermart Seeds,White,Zea mays,HB,A 20163872,20160913,0,0
JEMAT 501,JEMAT501,,Jermart Seeds,White,Zea mays,HB,A 20153673,20151016,0,0
JEMAT 601Q,JEMAT601Q,,Jermart Seeds,White,Zea mays,HB QP,A 20153674,20151016,0,0
Kalahari Early Pearl SELECT,KalahariEarlyPearlSELECT,,Capstone Seeds,White,Zea mays,OP,A 20062366,20060801,0,0
Kep,Kep,,Wickens Investments,White,Zea mays,OP,A 20062342,20060801,0,0
Kgalagadi,Kgalagadi,,Dr AP Fourie,White,Zea mays,HB,A 20072512,20070801,0,0
KKS 4270 B,KKS4270B,AFG 4270 B,Klein Karoo Seed Marketing,Yellow,Zea mays,GM,A 20102767,20100806,B,B
KKS 4383,KKS4383,AFG 4383,Klein Karoo Seed Marketing,White,Zea mays,HB,A 20102790,20100908,0,0
KKS 4410,KKS4410,AFG 4410,Klein Karoo Seed Marketing,Yellow,Zea mays,HB,A 20042059,20040820,0,0
KKS 4412 B,KKS4412B,AFG 4412 B,Klein Karoo Seed Marketing,Yellow,Zea mays,GM,A 20062389,20060801,B,B
KKS 4414,KKS4414,AFG 4414,Klein Karoo Seed Marketing,Yellow,Zea mays,HB,A 20072485,20070801,0,0
KKS 4434 R,KKS4434R,AFG 4434 R,Klein Karoo Seed Marketing,Yellow,Zea mays,GM,A 20072487,20070801,R,R
KKS4452B,KKS4452B,,Klein Karoo Seed Marketing,Yellow,Zea mays,GM,,,B,B
KKS 4474 R,KKS4474R,AFG 4474 R,Klein Karoo Seed Marketing,Yellow,Zea mays,GM,A 20102762,20100806,R,R
KKS 4476,KKS4476,AFG 4476,Klein Karoo Seed Marketing,Yellow,Zea mays,HB,A 20082617,20080731,0,0
KKS 4479 R,KKS4479R,AFG 4479 R,Klein Karoo Seed Marketing,White,Zea mays,GM,A20082589,20080807,R,R
KKS 4517,KKS4517,AFG 4517,Klein Karoo Seed Marketing,White,Zea mays,HB,A 20052251,20051011,0,0
KKS 4520,KKS4520,AFG 4520,Klein Karoo Seed Marketing,Yellow,Zea mays,HB,A 20042064,20040820,0,0
KKS 4522 B,KKS4522B,AFG 4522 B,Klein Karoo Seed Marketing,Yellow,Zea mays,GM,A 20062392,20060801,B,B
KKS 4530,KKS4530,AFG 4530,Klein Karoo Seed Marketing,Yellow,Zea mays,HB,A 20052237,20051011,0,0
KKS 4540,KKS4540,AFG 4540,Klein Karoo Seed Marketing,Yellow,Zea mays,HB,A 20042065,20040820,0,0
KKS 4555,KKS4555,AFG 4555,Klein Karoo Seed Marketing,White,Zea mays,HB,A 20072494,20070801,0,0
KKS 4572 R,KKS4572R,AFG 4572 R,Klein Karoo Seed Marketing,Yellow,Zea mays,GM,A 20102763,20100806,R,R
KKS 4573 B,KKS4573B,AFG 4573 B,Klein Karoo Seed Marketing,White,Zea mays,GM,A20082591,20080807,B,B
KKS 4577 B,KKS4577B,AFG 4577 B,Klein Karoo Seed Marketing,White,Zea mays,GM,A20082593,20080807,B,B
KKS 4581 BR,KKS4581BR,AFG 4581 BR,Klein Karoo Seed Marketing,White,Zea mays,GM,A 20102732,20100521,BR,BR
KKS 8200,KKS8200,,Klein Karoo Seed Marketing,Yellow,Zea mays,HB,A 20011603,20010926,0,0
KKS 8214 R,KKS8214R,,Klein Karoo Seed Marketing,Yellow,Zea mays,GM,A 20133321,20130912,R,R
KKS 8216 BR,KKS8216BR,,Klein Karoo Seed Marketing,Yellow,Zea mays,GM,A 20133322,20130912,BR,BR
KKS8301,KKS8301,,Klein Karoo Seed Marketing,White,Zea mays,HB,,,0,0
KKS8301B,KKS8301B,,Klein Karoo Seed Marketing,White,Zea mays,GM,,,B,B
KKS 8326,KKS8326,,Syngenta SA,Yellow,Zea mays,HB,A 20184191,20181108,0,0
KKS 8326 B,KKS8326B,KKS 8426 B,Syngenta SA,Yellow,Zea mays,GM,A 20153638,20150728,B,B
KKS8328B,KKS8328B,,Klein Karoo Seed Marketing,Yellow,Zea mays,GM,,,B,B
KKS8330B,KKS8330B,,Klein Karoo Seed Marketing,Yellow,Zea mays,GM,,,B,B
KKS 8403 R,KKS8403R,10X003RW,Klein Karoo Seed Marketing,White,Zea mays,GM,A 20143462,20140822,R,R
KKS8406B,KKS8406B,,Klein Karoo Seed Marketing,Yellow,Zea mays,GM,,,B,B
KKS 8408 R,KKS8408R,,Klein Karoo Seed Marketing,Yellow,Zea mays,GM,A 20143486,20140822,R,R
KKS 8410 BR ,KKS8410BR,,Klein Karoo Seed Marketing,Yellow,Zea mays,GM,A 20143487,20140822,R,R
KKS 8418 B,KKS8418B,15Y1208 B,Klein Karoo Seed Marketing,Yellow,Zea mays,GM,A 20194256,20190912,B,B
KKS 8422 B,KKS8422B,,Klein Karoo Seed Marketing,Yellow,Zea mays,GM,A 20194257,20190912,B,B
KKS 8423,KKS8423,13W0023,Klein Karoo Seed Marketing,White,Zea mays,HB,A 20163861,20160913,0,0
KKS 8424 B,KKS8424B,,Klein Karoo Seed Marketing,Yellow,Zea mays,GM,A 20123166,20120814,B,B
KKS 8426 B,KKS8426B,KKS 8326 B,Syngenta SA,Yellow,Zea mays,GM,A 20153638,20150728,B,B
KKS 8427,KKS8427,13W0024,Klein Karoo Seed Marketing,White,Zea mays,HB,A 20163862,20160913,0,0
KKS 8555 R,KKS8555R,15W0055,Klein Karoo Seed Marketing,White,Zea mays,GM,A 20184153,20180816,R,R
KORDUNA,KORDUNA,,Quality Seed,Yellow,Zea mays,HB,A 20194312,20191007,0,0
KP-11,KP-11,,Erdzak Pty Ltd,Yellow,Zea mays,HB,A 20163838,20160908,0,0
LAKE 601,LAKE601,,Lake Agriculture,White,Zea mays,HB,A 20163873,20160913,0,0
LAKE 603,LAKE603,,Lake Agriculture,White,Zea mays,HB,A 20163874,20160913,0,0
LAKE 606,LAKE606,,Lake Agriculture,Yellow,Zea mays,HB,A 20194313,20191007,0,0
LG31.642 R,LG31.642R,,Link Seed,Yellow,Zea mays,GM,A 20184144,20180816,R,R
LG31.644 R,LG31.644R,,Link Seed,Yellow,Zea mays,GM,A 20184145,20180816,R,R
LG31.743,LG31.743,,Link Seed,White,Zea mays,HB,,,0,0
LG31.746,LG31.746,,Link Seed,Yellow,Zea mays,HB,A 20184187,20181108,0,0
LG3607,LG3607,,Link Seed,White,Zea mays,HB,,,0,0
LG3607Y,LG3607Y,,Link Seed,Yellow,Zea mays,HB,,,0,0
LG 3607 Yellow,LG3607Yellow,PAN 3Q-294,Link Seed,Yellow,Zea mays,HB,A 20102798,20100907,0,0
LS8504,LS8504,,Link Seed,Yellow,Zea mays,HB,,,0,0
LS8512,LS8512,,Link Seed,Yellow,Zea mays,HB,,,0,0
LS 8518,LS8518,,Link Seed,Yellow,Zea mays,HB,A 20102820,20100816,0,0
LS8519,LS8519,,Link Seed,White,Zea mays,HB,,,0,0
LS8521B,LS8521B,,Link Seed,White,Zea mays,GM,,,B,B
LS8522R,LS8522R,,Link Seed,Yellow,Zea mays,GM,,,R,R
LS8524R,LS8524R,,Link Seed,Yellow,Zea mays,GM,,,R,R
LS 8526,LS8526,,Link Seed,Yellow,Zea mays,HB,A 20112970,20110805,0,0
LS8527BR,LS8527BR,,Link Seed,White,Zea mays,GM,,,BR,BR
LS8528R,LS8528R,,Link Seed,Yellow,Zea mays,GM,,,R,R
LS8529,LS8529,,Link Seed,White,Zea mays,HB,,,0,0
LS8533R,LS8533R,,Link Seed,White,Zea mays,GM,,,R,R
LS8535B,LS8535B,,Link Seed,Yellow,Zea mays,GM,,,B,B
LS 8536 B,LS8536B,,Link Seed,Yellow,Zea mays,GM,A 20133325,20130912,B,B
LS8537,LS8537,,Link Seed,White,Zea mays,HB,,,0,0
LS 8538 R,LS8538R,,Link Seed,Yellow,Zea mays,GM,A 20153639,20150728,R,R
LS8539B,LS8539B,,Link Seed,White,Zea mays,GM,,,B,B
LS 8541 BR,LS8541BR,,Link Seed,White,Zea mays,GM,A 20153600,20150716,BR,BR
LS 8542,LS8542,,Link Seed,Yellow,Zea mays,HB,A 20174034,20171010,0,0
LS 8544,LS8544,,Link Seed,Yellow,Zea mays,HB,A 20174035,20171010,0,0
Mac Medium Pearl,MacMediumPearl,,McDonalds Seeds,White,Zea mays,OP,A 92268,19920930,0,0
Matuba SELECT,MatubaSELECT,,Capstone Seeds,White,Zea mays,OP,A 20062367,20060801,0,0
MEH 114,MEH114,,Mahyco,Yellow,Zea mays,HB,A 981181,19980701,0,0
MMH 1765,MMH1765,,Mahyco,Yellow,Zea mays,HB,A 981182,19980701,0,0
MMH 8825,MMH8825,,Mahyco,Yellow,Zea mays,HB,A 981179,19980701,0,0
MX124,MX124,,Maxim Seed,Yellow,Zea mays,HB,A 20143507,20141002,0,0
MX165,MX165,,Maxim Seed,White,Zea mays,HB,A 20174048,20171016,0,0
MX404,MX404,,Maxim Seed,Yellow,Zea mays,HB,A 20174036,20171010,0,0
Nelson's Choice,Nelson'sChoice,,Nelson Genetics/Capstone Seeds,White,Zea mays,OP,A 20031841,20030710,0,0
Nelson's Choice QPM,Nelson'sChoiceQPM,,Nelson Genetics/Capstone Seeds,White,Zea mays,OP QP,A 20123085,20120724,0,0
Nelson's Choice Yellow,Nelson'sChoiceYellow,,Nelson Genetics/Capstone Seeds,Yellow,Zea mays,OP,A 20123157,20120814,0,0
Nevada,Nevada,,Direct Seed,White,Zea mays,OP,A 20021755,20020910,0,0
NMMH 27,NMMH27,,One Direction Solutions,White,Zea mays,HB,A 20143493,20140930,0,0
NS 5916,NS5916,,National Seed,Yellow,Zea mays,HB,A 20042067,20040820,0,0
NS 5919,NS5919,,National Seed,White,Zea mays,OP,A 20052216,20050818,0,0
Obatanpa SR,ObatanpaSR,,ARC GCI,White,Zea mays,OP QP,A 20062372,20060801,0,0
Okavango,Okavango,,Capstone Seeds,Yellow,Zea mays,OP,A 20031898,20030707,0,0
Okavango Flint,OkavangoFlint,,Capstone Seeds,Yellow,Zea mays,OP,A20123158,20120814,0,0
P1151R R,P1151RR,,Corteva Agriscience RSA,Yellow,Zea mays,GM,A 20133326,20130912,R,R
P1184,P1184,,Corteva Agriscience RSA,Yellow,Zea mays,HB,A 20112971,20110805,0,0
P1184 B,P1184B,P 1184Y B,Corteva Agriscience RSA,Yellow,Zea mays,GM,A 20123169,20120814,B,B
P1184 BR,P1184BR,PHB 3SA42703956 BR,Corteva Agriscience RSA,Yellow,Zea mays,GM,A 20133337,20130912,BR,BR
P1184 R,P1184R,P 1184 R R,Corteva Agriscience RSA,Yellow,Zea mays,GM,A 20123168,20120814,R,R
P 1184 R R,P1184RR,P1184 R,Corteva Agriscience RSA,Yellow,Zea mays,GM,A 20123168,20120814,R,R
P 1184Y B,P1184YB,P1184 B,Corteva Agriscience RSA,Yellow,Zea mays,GM,A 20123169,20120814,B,B
P1184YR,P1184YR,,Corteva Agriscience RSA,Yellow,Zea mays,GM,,,R,R
P1197,P1197,,Corteva Agriscience RSA,Yellow,Zea mays,HB,A 20194314,20191007,0,0
P1197 R,P1197R,,Corteva Agriscience RSA,Yellow,Zea mays,GM,A 20194258,20190912,R,R
P1257,P1257,X08D413,Corteva Agriscience RSA,Yellow,Zea mays,HB,A 20194316,20191007,0,0
P1257 R,P1257R,X08D413 R,Corteva Agriscience RSA,Yellow,Zea mays,GM,A 20194272,20190912,R,R
P 1319,P1319,VP 8208,Corteva Agriscience RSA,Yellow,Zea mays,HB,A 20153664,20150916,0,0
P 1395,P1395,BG 3268,Corteva Agriscience RSA,Yellow,Zea mays,HB,A 20133311,20130912,0,0
P 1395R R,P1395RR,BG 3568 R,Corteva Agriscience RSA,Yellow,Zea mays,GM,A 20123170,20120814,R,R
P 1395YR BR,P1395YRBR,BG 3768 BR,Corteva Agriscience RSA,Yellow,Zea mays,GM,A 20123171,20120814,BR,BR
P 1477W,P1477W,PAN 3A-173,Corteva Agriscience RSA,White,Zea mays,HB,A 20153675,20151016,0,0
P1486 B,P1486B,PHB 3X13C816Y B,Corteva Agriscience RSA,Yellow,Zea mays,GM,A 20133341,20130912,B,B
P1498R R,P1498RR,,Corteva Agriscience RSA,Yellow,Zea mays,GM,A 20133327,20130912,R,R
P1513,P1513,X13K598,Corteva Agriscience RSA,Yellow,Zea mays,HB,A 20194317,20191007,0,0
P1513 R,P1513R,X13K598 R,Corteva Agriscience RSA,Yellow,Zea mays,GM,A 20194259,20190912,R,R
P1517W,P1517W,,Corteva Agriscience RSA,White,Zea mays,HB,A20123097,20120724,0,0
P1517W BR,P1517WBR,,Corteva Agriscience RSA,White,Zea mays,GM,A 20163768,20160726,BR,BR
P1517W R,P1517WR,,Corteva Agriscience RSA,White,Zea mays,GM,A 20163769,20160726,R,R
P1518W BR,P1518WBR,X13A502W BR,Corteva Agriscience RSA,White,Zea mays,GM,A 20194285,20190912,BR,BR
P1615,P1615,,Corteva Agriscience RSA,Yellow,Zea mays,HB,A 20123159,20120814,0,0
P1615 BR,P1615BR,P 1615YR BR,Corteva Agriscience RSA,Yellow,Zea mays,GM,A 20123172,20120814,BR,BR
P1615 R,P1615R,,Corteva Agriscience RSA,Yellow,Zea mays,GM,A 20102768,20100816,R,R
P 1615YR BR,P1615YRBR,P1615 BR,Corteva Agriscience RSA,Yellow,Zea mays,GM,A 20123172,20120814,BR,BR
P1637 BR,P1637BR,,Corteva Agriscience RSA,Yellow,Zea mays,GM,A 20163795,20160726,BR,BR
P1637 R,P1637R,,Corteva Agriscience RSA,Yellow,Zea mays,GM,A 20153640,20150728,R,R
P1659W,P1659W,,Corteva Agriscience RSA,White,Zea mays,HB,A 20153676,20151016,0,0
P1690 BR,P1690BR,,Corteva Agriscience RSA,Yellow,Zea mays,GM,A 20174011,20170828,BR,BR
P1690 R,P1690R,,Corteva Agriscience RSA,Yellow,Zea mays,GM,A 20153641,20150728,R,R
P1745,P1745,,Corteva Agriscience RSA,Yellow,Zea mays,HB,A 20163839,20160908,0,0
P1745 B,P1745B,,Corteva Agriscience RSA,Yellow,Zea mays,GM,A 20163796,20160726,B,B
P1745 BR,P1745BR,,Corteva Agriscience RSA,Yellow,Zea mays,GM,A 20174012,20170828,BR,BR
P1745 R,P1745R,,Corteva Agriscience RSA,Yellow,Zea mays,GM,A 20153642,20150728,R,R
P1788,P1788,X18F8831,Corteva Agriscience RSA,Yellow,Zea mays,HB,A 20184179,20181108,0,0
P1788 B,P1788B,X18F883 B,Corteva Agriscience RSA,Yellow,Zea mays,GM,A 20194273,20190912,B,B
P1788 BR,P1788BR,X18F883 BR,Corteva Agriscience RSA,Yellow,Zea mays,GM,A 20194274,20190912,BR,BR
P1788 R,P1788R,X18F883 R,Corteva Agriscience RSA,Yellow,Zea mays,GM,A 20194275,20190912,R,R
P1814,P1814,PHB 3SA88214805,Corteva Agriscience RSA,Yellow,Zea mays,HB,A 20153666,20150916,0,0
P1814 BR,P1814BR,,Corteva Agriscience RSA,Yellow,Zea mays,GM,A 20194260,20190912,BR,BR
P1814 R,P1814R,PHB 3X18A655R,Corteva Agriscience RSA,Yellow,Zea mays,GM,A 20153661,20150728,R,R
P1973 B,P1973B,PHB 3X7F761T B,Corteva Agriscience RSA,Yellow,Zea mays,GM,A 20123189,20120814,B,B
P1973Y,P1973Y,,Corteva Agriscience RSA,Yellow,Zea mays,HB,,,0,0
P1975,P1975,X18N939,Corteva Agriscience RSA,Yellow,Zea mays,HB,A 20194319,20191007,0,0
P2048,P2048,PHB 3X7F795,Corteva Agriscience RSA,Yellow,Zea mays,HB,A 20102828,20100907,0,0
P2048 B,P2048B,P 2048Y B,Corteva Agriscience RSA,Yellow,Zea mays,GM,A 20123173,20120814,B,B
P2048 BR,P2048BR,P 2048YR  BR,Corteva Agriscience RSA,Yellow,Zea mays,GM,A 20123174,20120814,BR,BR
P 2048Y B,P2048YB,P2048 B,Corteva Agriscience RSA,Yellow,Zea mays,GM,A 20123173,20120814,B,B
P 2048YR  BR,P2048YRBR,P2048 BR,Corteva Agriscience RSA,Yellow,Zea mays,GM,A 20123174,20120814,BR,BR
P2137,P2137,,Corteva Agriscience RSA,Yellow,Zea mays,HB,A 20163840,20160908,0,0
P2137 B,P2137B,PHB 3X23B151Y B,Corteva Agriscience RSA,Yellow,Zea mays,GM,A 20133344,20130912,B,B
P2137 BR,P2137BR,,Corteva Agriscience RSA,Yellow,Zea mays,GM,A 20194261,20190912,BR,BR
P2137 R,P2137R,,Corteva Agriscience RSA,Yellow,Zea mays,GM,A 20184149,20180816,R,R
P2137Y,P2137Y,,Corteva Agriscience RSA,Yellow,Zea mays,HB,,,0,0
P2311W B,P2311WB,PHB X80407777W B,Corteva Agriscience RSA,White,Zea mays,GM,A 20163785,20160726,B,B
P2311W BR,P2311WBR,PAN 5Q-651 BR,Corteva Agriscience RSA,White,Zea mays,GM,A 20153608,20150716,BR,BR
P2319,P2319,PHB X23H518,Corteva Agriscience RSA,Yellow,Zea mays,HB,A 20163854,20160908,0,0
P2319 B,P2319B,PHB X23H518 B,Corteva Agriscience RSA,Yellow,Zea mays,GM,A 20163806,20160726,B,B
P2319 BR,P2319BR,X23H518 BR,Corteva Agriscience RSA,Yellow,Zea mays,GM,A 20194262,20190912,BR,BR
P2319 R,P2319R,X23H518 R,Corteva Agriscience RSA,Yellow,Zea mays,GM,A 20174029,20170828,R,R
P2367,P2367,X23H517,Corteva Agriscience RSA,Yellow,Zea mays,HB,A 20174043,20171010,0,0
P2369W,P2369W,,Corteva Agriscience RSA,White,Zea mays,HB,A20102786,20100908,0,0
P2369W B,P2369WB,P 2369WY B,Corteva Agriscience RSA,White,Zea mays,GM,A 20123127,20120807,B,B
P2369W BR,P2369WBR,,Corteva Agriscience RSA,White,Zea mays,GM,A 20173981,20170824,BR,BR
P2369WY,P2369WY,,Corteva Agriscience RSA,Yellow,Zea mays,HB,,,0,0
P 2369WY B,P2369WYB,P2369W B,Corteva Agriscience RSA,White,Zea mays,GM,A 20123127,20120807,B,B
P2370,P2370,X23F442,Corteva Agriscience RSA,Yellow,Zea mays,HB,A 20174042,20171010,0,0
P2370 B,P2370B,PHB X23F442 B,Corteva Agriscience RSA,Yellow,Zea mays,GM,A 20163804,20160726,B,B
P2370Y,P2370Y,,Corteva Agriscience RSA,Yellow,Zea mays,HB,,,0,0
P2432,P2432,,Corteva Agriscience RSA,Yellow,Zea mays,HB,A 20163841,20160908,0,0
P2432 BR,P2432BR,X23B148 BR,Corteva Agriscience RSA,Yellow,Zea mays,GM,A 20194263,20190912,BR,BR
P2432 R,P2432R,PHB 3X23B148R R,Corteva Agriscience RSA,Yellow,Zea mays,GM,A 20123188,20120814,R,R
P 2452W R,P2452WR,PAN 4R-511 R,Corteva Agriscience RSA,White,Zea mays,GM,A 20143467,20140822,R,R
P2531W R,P2531WR,X18K290W R,Corteva Agriscience RSA,White,Zea mays,GM,A 20194296,20190912,R,R
P2553W B,P2553WB,PHB 3SA88214804 B,Corteva Agriscience RSA,White,Zea mays,GM,A 20163777,20160726,B,B
P2553W BR,P2553WBR,,Corteva Agriscience RSA,White,Zea mays,GM,A 20173982,20170824,BR,BR
P2553W R,P2553WR,PHB X23F438W R,Corteva Agriscience RSA,White,Zea mays,GM,A 20163787,20160726,R,R
P2553WY,P2553WY,,Corteva Agriscience RSA,Yellow,Zea mays,HB,,,0,0
P2553WYR,P2553WYR,,Corteva Agriscience RSA,Yellow,Zea mays,GM,,,R,R
P2555W B,P2555WB,X23F438W B,Corteva Agriscience RSA,White,Zea mays,GM,A 20194290,20190912,B,B
P2555W BR,P2555WBR,X23F438W BR,Corteva Agriscience RSA,White,Zea mays,GM,A 20194286,20190912,BR,BR
P2565W B,P2565WB,X25K091W B,Corteva Agriscience RSA,White,Zea mays,GM,A 20194291,20190912,B,B
P2612,P2612,PHB 3X8C152,Corteva Agriscience RSA,Yellow,Zea mays,HB,A 20102814,20100907,0,0
P2636,P2636,X25N216,Corteva Agriscience RSA,Yellow,Zea mays,HB,A 20194322,20191007,0,0
P2653 BR,P2653BR,PHB 3SA42130899 BR,Corteva Agriscience RSA,White,Zea mays,GM,A 20123139,20120807,BR,BR
P2653WBR,P2653WBR,,Corteva Agriscience RSA,White,Zea mays,GM,,,BR,BR
P2653W B,P2653WB,,Corteva Agriscience RSA,White,Zea mays,GM,A 20102726,20100521,B,B
P2707W BR,P2707WBR,PHB 3X28D299WYR BR,Corteva Agriscience RSA,White,Zea mays,GM,A 20143476,20140822,BR,BR
P2707WYR,P2707WYR,,Corteva Agriscience RSA,Yellow,Zea mays,GM,,,R,R
P2823W B,P2823WB,,Corteva Agriscience RSA,White,Zea mays,GM,A 20102727,20100521,B,B
P2823W BR,P2823WBR,PHB 3X28C225YR BR,Corteva Agriscience RSA,White,Zea mays,GM,A 20143466,20140822,BR,BR
P2823W R,P2823WR,P 2823WR R,Corteva Agriscience RSA,White,Zea mays,GM,A 20123128,20120807,R,R
P 2823WR R,P2823WRR,P2823W R,Corteva Agriscience RSA,White,Zea mays,GM,A 20123128,20120807,R,R
P2842W,P2842W,PAN 6A-231,Corteva Agriscience RSA,White,Zea mays,HB,A 20133363,20130930,0,0
P2842W B,P2842WB,,Corteva Agriscience RSA,White,Zea mays,GM,A 20194287,20190912,B,B
P2859W,P2859W,,Corteva Agriscience RSA,White,Zea mays,HB,A 20133360,20130930,0,0
P2864W BR,P2864WBR,PHB 3SA88214401 BR,Corteva Agriscience RSA,White,Zea mays,GM,A 20153615,20150716,BR,BR
P2864W R,P2864WR,,Corteva Agriscience RSA,White,Zea mays,GM,A 20174003,20170824,R,R
P2864WYR,P2864WYR,,Corteva Agriscience RSA,Yellow,Zea mays,GM,,,R,R
P2865W BR,P2865WBR,AF94894946W BR,Corteva Agriscience RSA,White,Zea mays,GM,A 20194283,20190912,BR,BR
P2880W BR,P2880WBR,PHB 3X28D308WYR BR,Corteva Agriscience RSA,White,Zea mays,GM,A 20153618,20150716,BR,BR
P2880WYR,P2880WYR,,Corteva Agriscience RSA,Yellow,Zea mays,GM,,,R,R
P2927W R,P2927WR,X30K277W R,Corteva Agriscience RSA,White,Zea mays,GM,A 20184163,20180816,R,R
P2927WY R,P2927WYR,X30K277W BR,Corteva Agriscience RSA,White,Zea mays,GM,A 20173990,20170824,R,R
P2961W,P2961W,Phb 3X4C357 W,Corteva Agriscience RSA,White,Zea mays,HB,A20102785,20100908,0,0
P2961W B,P2961WB,PHB 3X28C224WY B,Corteva Agriscience RSA,White,Zea mays,GM,A 20133287,20130808,B,B
P2961W BR,P2961WBR,PHB 3SA42130906 BR,Corteva Agriscience RSA,White,Zea mays,GM,A 20133285,20130808,BR,BR
P2961WYR,P2961WYR,,Corteva Agriscience RSA,Yellow,Zea mays,GM,,,R,R
P3052,P3052,PHB 3X8C155,Corteva Agriscience RSA,Yellow,Zea mays,HB,A 20102795,20100907,0,0
P3058W Y,P3058WY,PHB X28D297W B,Corteva Agriscience RSA,White,Zea mays,GM,A 20163781,20160726,Y,0
P3253W,P3253W,,Corteva Agriscience RSA,White,Zea mays,HB,A 20133358,20130930,0,0
P3812W,P3812W,,Corteva Agriscience RSA,White,Zea mays,HB,A 20133359,20130930,0,0
PAN 12,PAN12,,Pannar Seed,Yellow,Zea mays,HB,A 20133312,20130912,0,0
PAN 15,PAN15,,Pannar Seed,White,Zea mays,HB,A 20143494,20140930,0,0
PAN 3A-124,PAN3A-124,X13D102,Corteva Agriscience RSA,Yellow,Zea mays,HB,A 20194315,20191007,0,0
PAN 3A-157,PAN3A-157,PHB X5H301W,Corteva Agriscience RSA,White,Zea mays,HB,A 20163886,20160913,0,0
PAN 3A-173,PAN3A-173,P 1477W,Corteva Agriscience RSA,White,Zea mays,HB,A 20153675,20151016,0,0
PAN 3A-214,PAN3A-214,,Pannar Seed,Yellow,Zea mays,HB,A 20133313,20130912,0,0
PAN 3B-304 CB,PAN3B-304CB,,Pannar Seed,Yellow,Zea mays,GM,A 20133328,20130912,CB,0
PAN 3D-432 B,PAN3D-432B,,Pannar Seed,Yellow,Zea mays,GM,A 20052184,20050818,B,B
PAN 3D-736 BR,PAN3D-736BR,,Pannar Seed,Yellow,Zea mays,GM,A 20072421,20070327,BR,BR
PAN 3M-01,PAN3M-01,,Pannar Seed,White,Zea mays,HB,A 20143495,20140930,0,0
PAN 3P-502 R,PAN3P-502R,,Pannar Seed,Yellow,Zea mays,GM,A 20072484,20070801,R,R
PAN 3Q-222,PAN3Q-222,,Pannar Seed,Yellow,Zea mays,HB,A 20112973,20110805,0,0
PAN3Q-228,PAN3Q-228,,Pannar Seed,Yellow,Zea mays,HB,,,0,0
PAN3Q-236B,PAN3Q-236B,,Pannar Seed,Yellow,Zea mays,GM,,,B,B
PAN 3Q-240,PAN3Q-240,,Pannar Seed,Yellow,Zea mays,HB,A 20112975,20110805,0,0
PAN 3Q-294,PAN3Q-294,LG 3607 Yellow,Link Seed,Yellow,Zea mays,HB,A 20102798,20100907,0,0
PAN 3Q-422 B,PAN3Q-422B,,Pannar Seed,Yellow,Zea mays,GM,A 20082632,20080731,B,B
PAN3Q-704BR,PAN3Q-704BR,,Pannar Seed,Yellow,Zea mays,GM,,,BR,BR
PAN 3Q-740 BR,PAN3Q-740BR,,Pannar Seed,Yellow,Zea mays,GM,A 20082628,20080731,BR,BR
PAN3R-124,PAN3R-124,,Pannar Seed,Yellow,Zea mays,HB,,,0,0
PAN 3R-500 R,PAN3R-500R,X13D093 R,Corteva Agriscience RSA,Yellow,Zea mays,GM,A 20184150,20180816,R,R
PAN 3R-524 R,PAN3R-524R,X13D102 R,Corteva Agriscience RSA,Yellow,Zea mays,GM,A 20194264,20190912,R,R
PAN 3R-573 R,PAN3R-573R,,Corteva Agriscience RSA,White,Zea mays,GM,A 20194295,20190912,R,R
PAN 3R-586 R,PAN3R-586R,,Corteva Agriscience RSA,Yellow,Zea mays,GM,A 20163797,20160726,R,R
PAN 3R-644 R,PAN3R-644R,,Pannar Seed,Yellow,Zea mays,GM,A 20102866,20100816,R,R
PAN 3R-700 BR,PAN3R-700BR,X13D093 BR,Corteva Agriscience RSA,Yellow,Zea mays,GM,A 20174017,20170828,BR,BR
PAN 3R-724 BR,PAN3R-724BR,X13D102 BR,Corteva Agriscience RSA,Yellow,Zea mays,GM,A 20174018,20170828,BR,BR
PAN 3R-786 BR,PAN3R-786BR,,Corteva Agriscience RSA,Yellow,Zea mays,GM,A 20153643,20150728,BR,BR
PAN 3R-788 BR,PAN3R-788BR,,Corteva Agriscience RSA,Yellow,Zea mays,GM,A 20153644,20150728,BR,BR
PAN 4A-111,PAN4A-111,PHB 3X23A012W,Corteva Agriscience RSA,White,Zea mays,HB,A20123099,20120724,0,0
PAN 4A-128,PAN4A-128,X13K591,Corteva Agriscience RSA,Yellow,Zea mays,HB,A 20184192,20181108,0,0
PAN 4A-156,PAN4A-156,PHB X18H674,Corteva Agriscience RSA,Yellow,Zea mays,HB,A 20163853,20160908,0,0
PAN 4A-158,PAN4A-158,,Pannar Seed,Yellow,Zea mays,HB,A 20143508,20141002,0,0
PAN 4A-159,PAN4A-159,PHB X18H665W,Corteva Agriscience RSA,White,Zea mays,HB,A 20163883,20160913,0,0
PAN 4A-160,PAN4A-160,,Pannar Seed,Yellow,Zea mays,HB,A 20143509,20141002,0,0
PAN 4A-169,PAN4A-169,,Pannar Seed,White,Zea mays,HB,A 20133361,20130930,0,0
PAN 4A-172,PAN4A-172,,Corteva Agriscience RSA,Yellow,Zea mays,HB,A 20163842,20160908,0,0
PAN 4A-178,PAN4A-178,,Corteva Agriscience RSA,Yellow,Zea mays,HB,A 20163843,20160908,0,0
PAN 4A-217,PAN4A-217,,Pannar Seed,White,Zea mays,HB,A 20133362,20130930,0,0
PAN 4A-220,PAN4A-220,,Pannar Seed,Yellow,Zea mays,HB,A 20133314,20130912,0,0
PAN 4A-243,PAN4A-243,,Pannar Seed,White,Zea mays,HB,A 20123117,20120724,0,0
PAN 4B-311 B,PAN4B-311B,PHB 3X23A012WY B,Corteva Agriscience RSA,White,Zea mays,GM,A 20123144,20120807,B,B
PAN 4B-312 CB,PAN4B-312CB,,Pannar Seed,Yellow,Zea mays,GM,A 20123175,20120814,CB,0
PAN 4B-328 B,PAN4B-328B,,Corteva Agriscience RSA,Yellow,Zea mays,GM,A 20153645,20150728,B,B
PAN 4B-376 B,PAN4B-376B,,Corteva Agriscience RSA,Yellow,Zea mays,GM,A 20163798,20160726,B,B
PAN 4B-440 CB,PAN4B-440CB,,Pannar Seed,Yellow,Zea mays,GM,A 20133329,20130912,CB,0
PAN 4B-472 B,PAN4B-472B,,Corteva Agriscience RSA,Yellow,Zea mays,GM,A 20194265,20190912,B,B
PAN 4M-17,PAN4M-17,,Pannar Seed,White,Zea mays,HB,A 20163875,20160913,0,0
PAN 4M-19,PAN4M-19,,Pannar Seed,White,Zea mays,HB,A 20082600,20080807,0,0
PAN 4M-21,PAN4M-21,,Pannar Seed,White,Zea mays,HB,A 20143496,20140930,0,0
PAN 4M-23,PAN4M-23,,Corteva Agriscience RSA,White,Zea mays,HB,A 20163876,20160913,0,0
PAN 4P-116,PAN4P-116,,Pannar Seed,Yellow,Zea mays,HB,A 20082517,20080102,0,0
PAN 4P-206,PAN4P-206,,Pannar Seed,Yellow,Zea mays,HB,A 20112972,20110805,0,0
PAN 4P-228,PAN4P-228,,Pannar Seed,Yellow,Zea mays,HB,A 20112974,20110805,0,0
PAN 4P-316 B,PAN4P-316B,,Pannar Seed,Yellow,Zea mays,GM,A 20082631,20080731,B,B
PAN4P-434B,PAN4P-434B,,Pannar Seed,Yellow,Zea mays,GM,,,B,B
PAN 4P-516 R,PAN4P-516R,,Pannar Seed,Yellow,Zea mays,GM,A 20102827,20100816,R,R
PAN 4P-716 BR,PAN4P-716BR,,Pannar Seed,Yellow,Zea mays,GM,A 20082635,20080731,BR,BR
PAN4P-746BR,PAN4P-746BR,,Pannar Seed,Yellow,Zea mays,GM,,,BR,BR
PAN 4P-767 BR,PAN4P-767BR,,Pannar Seed,White,Zea mays,GM,A 20072423,20070205,BR,BR
PAN 4Q-260,PAN4Q-260,,Pannar Seed,Yellow,Zea mays,HB,A 20102867,20100816,0,0
PAN 4R-310 GT,PAN4R-310GT,PAN 4R-520GT,Pannar Seed,Yellow,Zea mays,GM,A 20133330,20130912,GT,0
PAN 4R-511 R,PAN4R-511R,P 2452W R,Corteva Agriscience RSA,White,Zea mays,GM,A 20143467,20140822,R,R
PAN 4R-520GT,PAN4R-520GT,PAN 4R-310 GT,Pannar Seed,Yellow,Zea mays,GM,A 20133330,20130912,GT,0
PAN 4R-528 R,PAN4R-528R,X13K591 R,Corteva Agriscience RSA,Yellow,Zea mays,GM,A 20194266,20190912,R,R
PAN 4R-560 R,PAN4R-560R,,Corteva Agriscience RSA,Yellow,Zea mays,GM,A 20153646,20150728,R,R
PAN 4R-576 R,PAN4R-576R,,Corteva Agriscience RSA,Yellow,Zea mays,GM,A 20153647,20150728,R,R
PAN 4R-672 R,PAN4R-672R,,Corteva Agriscience RSA,Yellow,Zea mays,GM,A 20174026,20170828,R,R
PAN 4R-711 BR,PAN4R-711BR,,Corteva Agriscience RSA,White,Zea mays,GM,A 20163770,20160726,BR,BR
PAN 4R-722 BR,PAN4R-722BR,,Pannar Seed,Yellow,Zea mays,GM,A 20133331,20130912,BR,BR
PAN 4R-728 BR,PAN4R-728BR,X13K591 YR,Corteva Agriscience RSA,Yellow,Zea mays,GM,A 20194267,20190912,BR,BR
PAN 4R-772 BR,PAN4R-772BR,,Corteva Agriscience RSA,Yellow,Zea mays,GM,A 20174013,20170828,BR,BR
PAN 4R-776 BR,PAN4R-776BR,PHB 3X18B776YR BR,Corteva Agriscience RSA,Yellow,Zea mays,GM,A 20143488,20140822,BR,BR
PAN 4R-872 BR,PAN4R-872BR,,Corteva Agriscience RSA,Yellow,Zea mays,GM,A 20194268,20190912,BR,BR
PAN 5285,PAN5285,BG 5285,Corteva Agriscience RSA,White,Zea mays,HB,A 20123105,20120724,0,0
PAN 53,PAN53,,Pannar Seed,White,Zea mays,HB,A 20072479,20070801,0,0
PAN 5685 R,PAN5685R,BG 5685 R,Corteva Agriscience RSA,White,Zea mays,GM,A 20112958,20110729,R,R
PAN 5A-154,PAN5A-154,PHB 3X23F439,Corteva Agriscience RSA,Yellow,Zea mays,HB,A 20153668,20150916,0,0
PAN 5A-170,PAN5A-170,PHB X23H522,Corteva Agriscience RSA,Yellow,Zea mays,HB,A 20163856,20160908,0,0
PAN 5A-182,PAN5A-182,,Corteva Agriscience RSA,Yellow,Zea mays,HB,A 20153665,20150916,0,0
PAN 5A-190,PAN5A-190,PHB 3X18F886,Corteva Agriscience RSA,Yellow,Zea mays,HB,A 20153667,20150916,0,0
PAN 5A-195,PAN5A-195,PHB 3SA64172003,Corteva Agriscience RSA,White,Zea mays,HB,A 20143498,20140930,0,0
PAN 5A-291,PAN5A-291,PHB 3SA64172004,Corteva Agriscience RSA,White,Zea mays,HB,A 20143499,20140930,0,0
PAN 5B-355 B,PAN5B-355B,,Corteva Agriscience RSA,White,Zea mays,GM,A 20153606,20150716,B,B
PAN 5B-385 B,PAN5B-385B,,Corteva Agriscience RSA,White,Zea mays,GM,A 20173993,20170824,B,B
PAN 5B-485 B,PAN5B-485B,,Corteva Agriscience RSA,White,Zea mays,GM,A 20163771,20160726,B,B
PAN 5B-491 B,PAN5B-491B,,Corteva Agriscience RSA,White,Zea mays,GM,A 20194288,20190912,B,B
PAN 5Q-249,PAN5Q-249,,Pannar Seed,White,Zea mays,HB,A 20123119,20120724,0,0
PAN 5Q-251,PAN5Q-251,,Pannar Seed,White,Zea mays,HB,A 20123120,20120724,0,0
PAN 5Q-433 B,PAN5Q-433B,,Pannar Seed,White,Zea mays,GM,A 20082609,20080807,B,B
PAN 5Q-649 R,PAN5Q-649R,,Pannar Seed,White,Zea mays,GM,A 20102730,20100521,R,R
PAN 5Q-651 BR,PAN5Q-651BR,P2311W BR,Corteva Agriscience RSA,White,Zea mays,GM,A 20153608,20150716,BR,BR
PAN 5Q-651 R,PAN5Q-651R,,Pannar Seed,White,Zea mays,GM,A 20123132,20120807,R,R
PAN5Q-653R,PAN5Q-653R,,Pannar Seed,White,Zea mays,GM,,,R,R
PAN 5Q-749 BR,PAN5Q-749BR,,Pannar Seed,White,Zea mays,GM,A 20112952,20110729,BR,BR
PAN 5Q-751 BR,PAN5Q-751BR,,Pannar Seed,White,Zea mays,GM,A 20123134,20120807,BR,BR
PAN 5R-535 R,PAN5R-535R,X30K278W R,Corteva Agriscience RSA,White,Zea mays,GM,A 20184164,20180816,R,R
PAN 5R-549GT,PAN5R-549GT,,Pannar Seed,White,Zea mays,GM,A 20143470,20140822,GT,0
PAN 5R-551GT,PAN5R-551GT,,Pannar Seed,White,Zea mays,GM,A 20133280,20130808,GT,0
PAN 5R-554 R,PAN5R-554R,,Corteva Agriscience RSA,Yellow,Zea mays,GM,A 20184151,20180816,R,R
PAN 5R-561 R,PAN5R-561R,X30M372W R,Corteva Agriscience RSA,White,Zea mays,GM,A 20194305,20190912,R,R
PAN 5R-570 R,PAN5R-570R,X23H522 R,Corteva Agriscience RSA,Yellow,Zea mays,GM,A 20194269,20190912,R,R
PAN 5R-575 R,PAN5R-575R,X18K293W R,Corteva Agriscience RSA,White,Zea mays,GM,A 20194297,20190912,R,R
PAN 5R-582 R,PAN5R-582R,,Corteva Agriscience RSA,Yellow,Zea mays,GM,A 20194270,20190912,R,R
PAN 5R-590 R,PAN5R-590R,,Corteva Agriscience RSA,Yellow,Zea mays,GM,A 20184152,20180816,R,R
PAN 5R-591 R,PAN5R-591R,,Corteva Agriscience RSA,White,Zea mays,GM,A 20163772,20160726,R,R
PAN 5R-627 R,PAN5R-627R,,Pannar Seed,White,Zea mays,GM,A 20123131,20120807,R,R
PAN 5R-653 R,PAN5R-653R,,Pannar Seed,White,Zea mays,GM,A 20123133,20120807,R,R
PAN 5R-693 R,PAN5R-693R,PHB 3X35A165WR R,Corteva Agriscience RSA,White,Zea mays,GM,A 20123152,20120807,R,R
PAN 5R-785 BR,PAN5R-785BR,,Corteva Agriscience RSA,White,Zea mays,GM,A 20163773,20160726,BR,BR
PAN 5R-787 BR,PAN5R-787BR,,Corteva Agriscience RSA,White,Zea mays,GM,A 20153609,20150716,BR,BR
PAN 5R-789 BR,PAN5R-789BR,,Corteva Agriscience RSA,White,Zea mays,GM,A 20153610,20150716,BR,BR
PAN 5R-791 BR,PAN5R-791BR,PHB 3X28D309WYR BR,Corteva Agriscience RSA,White,Zea mays,GM,A 20143477,20140822,BR,BR
PAN 5R-795 BR,PAN5R-795BR,,Corteva Agriscience RSA,White,Zea mays,GM,A 20153611,20150716,BR,BR
PAN 5R-799 BR,PAN5R-799BR,,Corteva Agriscience RSA,White,Zea mays,GM,A 20153612,20150716,BR,BR
PAN 5R-849CBGT,PAN5R-849CBGT,,Pannar Seed,White,Zea mays,GM,A 20133282,20130808,GT,0
PAN 5R-851CBGT,PAN5R-851CBGT,,Pannar Seed,White,Zea mays,GM,A 20133283,20130808,GT,0
PAN 5R-885 BR,PAN5R-885BR,,Corteva Agriscience RSA,White,Zea mays,GM,A 20173983,20170824,BR,BR
PAN 5R-891 BR,PAN5R-891BR,,Corteva Agriscience RSA,White,Zea mays,GM,A 20184156,20180816,BR,BR
PAN 5R-993 BR,PAN5R-993BR,PHB 3SA99030326 BR,Corteva Agriscience RSA,White,Zea mays,GM,A 20143473,20140822,BR,BR
PAN 6026,PAN6026,,Pannar Seed,Yellow,Zea mays,HB,A 20011619,20010926,0,0
PAN 6126,PAN6126,,Pannar Seed,Yellow,Zea mays,HB,A 20031874,20030707,0,0
PAN 6146,PAN6146,,Pannar Seed,Yellow,Zea mays,HB,A 92239,19920908,0,0
PAN 6223 B,PAN6223B,,Pannar Seed,White,Zea mays,GM,A 20031842,20030710,B,B
PAN 6227,PAN6227,,Pannar Seed,White,Zea mays,HB,A 20031843,20030710,0,0
PAN 6236 B,PAN6236B,,Pannar Seed,Yellow,Zea mays,GM,A 20042003,20040820,B,B
PAN 6243,PAN6243,,Pannar Seed,White,Zea mays,HB,A 93397,19930716,0,0
PAN 63,PAN63,,Pannar Seed,White,Zea mays,HB,A 20102813,20100908,0,0
PAN 6326 R,PAN6326R,,Pannar Seed,Yellow,Zea mays,GM,A 20031879,20030707,R,R
PAN 6414,PAN6414,,Pannar Seed,Yellow,Zea mays,HB,A 20102817,20100907,0,0
PAN 6432 B,PAN6432B,,Pannar Seed,Yellow,Zea mays,GM,A 20042006,20040820,B,B
PAN 6479,PAN6479,,Pannar Seed,White,Zea mays,HB,A 88794,19880811,0,0
PAN 6549,PAN6549,,Pannar Seed,White,Zea mays,HB,A 85426,19850925,0,0
PAN 66,PAN66,,Pannar Seed,Yellow,Zea mays,OP,A 20133307,20130912,0,0
PAN 6611,PAN6611,,Pannar Seed,White,Zea mays,HB,A 20021728,20020910,0,0
PAN 6616,PAN6616,,Pannar Seed,Yellow,Zea mays,HB,A 20021721,20020910,0,0
PAN 6671,PAN6671,,Pannar Seed,White,Zea mays,OP,A 88793,19880811,0,0
PAN 67,PAN67,,Pannar Seed,White,Zea mays,HB,A 991393,19990811,0,0
PAN6723,PAN6723,,Pannar Seed,White,Zea mays,HB,,,0,0
PAN 6777,PAN6777,,Pannar Seed,White,Zea mays,HB,A 981200,19980909,0,0
PAN 683,PAN683,,Pannar Seed,White,Zea mays,HB,A 20102800,20100908,0,0
PAN 69,PAN69,,Pannar Seed,White,Zea mays,HB,A 20072480,20070801,0,0
PAN 691,PAN691,,Pannar Seed,White,Zea mays,HB,A 20102801,20100908,0,0
PAN 693,PAN693,,Pannar Seed,White,Zea mays,HB,A 20163877,20160913,0,0
PAN 6966,PAN6966,,Pannar Seed,Yellow,Zea mays,HB,A 20001460,20000613,0,0
PAN 697,PAN697,,Pannar Seed,White,Zea mays,HB,A 20143497,20140930,0,0
PAN 6A-150,PAN6A-150,,Pannar Seed,Yellow,Zea mays,HB,A 20143512,20141002,0,0
PAN 6A-229,PAN6A-229,,Pannar Seed,White,Zea mays,HB,A 20123113,20120724,0,0
PAN 6A-231,PAN6A-231,P2842W,Corteva Agriscience RSA,White,Zea mays,HB,A 20133363,20130930,0,0
PAN 6A-235,PAN6A-235,,Pannar Seed,White,Zea mays,HB,A 20123114,20120724,0,0
PAN 6A-237,PAN6A-237,,Pannar Seed,White,Zea mays,HB,A 20123115,20120724,0,0
PAN 6A-239,PAN6A-239,,Pannar Seed,White,Zea mays,HB,A 20123116,20120724,0,0
PAN 6B-309 CB,PAN6B-309CB,,Pannar Seed,White,Zea mays,GM,A 20123129,20120807,CB,0
PAN 6B-365 B,PAN6B-365B,PHB 3SA63483027 B,Corteva Agriscience RSA,White,Zea mays,GM,A 20153607,20150716,B,B
PAN 6B-380 B,PAN6B-380B,,Corteva Agriscience RSA,Yellow,Zea mays,GM,A 20153648,20150728,B,B
PAN 6B-410 B,PAN6B-410B,,Corteva Agriscience RSA,Yellow,Zea mays,GM,A 20153649,20150728,B,B
PAN 6B-465 B,PAN6B-465B,,Corteva Agriscience RSA,White,Zea mays,GM,A 20163774,20160726,B,B
PAN 6P-110,PAN6P-110,,Pannar Seed,Yellow,Zea mays,HB,A 20062362,20060801,0,0
PAN 6Q-115,PAN6Q-115,,Pannar Seed,White,Zea mays,HB,A 20072481,20070801,0,0
PAN6Q-223,PAN6Q-223,,Pannar Seed,White,Zea mays,HB,,,0,0
PAN 6Q-245,PAN6Q-245,,Pannar Seed,White,Zea mays,HB,A 20123118,20120724,0,0
PAN 6Q-252,PAN6Q-252,,Pannar Seed,Yellow,Zea mays,HB,A 20112976,20110805,0,0
PAN 6Q-308 B,PAN6Q-308B,,Corteva Agriscience RSA,Yellow,Zea mays,GM,A 20082519,20080102,B,B
PAN 6Q-345 CB,PAN6Q-345CB,,Pannar Seed,White,Zea mays,GM,A20123130,20120807,CB,0
PAN 6Q-408 CB,PAN6Q-408CB,,Pannar Seed,Yellow,Zea mays,GM,A 20133332,20130912,CB,0
PAN6Q-419B,PAN6Q-419B,,Pannar Seed,White,Zea mays,GM,,,B,B
PAN6Q-445B,PAN6Q-445B,,Pannar Seed,White,Zea mays,GM,,,B,B
PAN 6Q-508 R,PAN6Q-508R,,Pannar Seed,Yellow,Zea mays,GM,A 20102826,20100816,R,R
PAN 6Q-609 R,PAN6Q-609R,,Pannar Seed,White,Zea mays,GM,A20112949,20110729,R,R
PAN 6Q-645 R,PAN6Q-645R,,Pannar Seed,White,Zea mays,GM,A20112950,20110729,R,R
PAN 6Q-708 BR,PAN6Q-708BR,,Pannar Seed,Yellow,Zea mays,GM,A 20102821,20100816,BR,BR
PAN 6Q-745 BR,PAN6Q-745BR,,Pannar Seed,White,Zea mays,GM,A20112951,20110729,BR,BR
PAN6Q-845CBGT,PAN6Q-845CBGT,,Pannar Seed,White,Zea mays,GM,,,B,B
PAN 6Q-865 BR,PAN6Q-865BR,,Corteva Agriscience RSA,White,Zea mays,GM,A 20153613,20150716,BR,BR
PAN 6R-510 R,PAN6R-510R,,Pannar Seed,Yellow,Zea mays,GM,A 20133333,20130912,R,R
PAN 6R-545GT,PAN6R-545GT,,Pannar Seed,White,Zea mays,GM,A 20143471,20140822,GT,0
PAN 6R-580 GT,PAN6R-580GT,,Pannar Seed,Yellow,Zea mays,GM,A 20133334,20130912,GT,0
PAN 6R-664 R,PAN6R-664R,,Corteva Agriscience RSA,Yellow,Zea mays,GM,A 20153650,20150728,R,R
PAN 6R-665 R,PAN6R-665R,PHB 3SA50154088 R,Corteva Agriscience RSA,White,Zea mays,GM,A 20143472,20140822,R,R
PAN 6R-680 R,PAN6R-680R,PHB 3SA50154089R,Corteva Agriscience RSA,Yellow,Zea mays,GM,A 20143489,20140822,R,R
PAN 6R-684 R,PAN6R-684R,,Corteva Agriscience RSA,Yellow,Zea mays,GM,A 20153651,20150728,R,R
PAN 6R-710 BR,PAN6R-710BR,,Corteva Agriscience RSA,Yellow,Zea mays,GM,A 20153652,20150728,BR,BR
PAN 6R-765 BR,PAN6R-765BR,PHB 3SA63483028 BR,Corteva Agriscience RSA,White,Zea mays,GM,A 20153614,20150716,BR,BR
PAN 6R-779 BR,PAN6R-779BR,PHB X35H446W BR,Corteva Agriscience RSA,White,Zea mays,GM,A 20163784,20160726,BR,BR
PAN 6R-780 BR,PAN6R-780BR,PHB 3SA63483029 BR,Corteva Agriscience RSA,Yellow,Zea mays,GM,A 20153653,20150728,BR,BR
PAN 6R-797 BR,PAN6R-797BR,,Corteva Agriscience RSA,White,Zea mays,GM,A 20163775,20160726,BR,BR
PAN 6R-845CBGT,PAN6R-845CBGT,,Pannar Seed,White,Zea mays,GM,A 20133284,20130808,GT,0
PAN 6R-880 CBGT,PAN6R-880CBGT,,Pannar Seed,Yellow,Zea mays,GM,A 20133335,20130912,GT,0
PAN 7M-81,PAN7M-81,,Pannar Seed,White,Zea mays,HB,A 20123094,20120724,0,0
PAN 7M-83,PAN7M-83,,Corteva Agriscience RSA,White,Zea mays,HB,A 20163878,20160913,0,0
PAN 7M-89,PAN7M-89,,Pannar Seed,White,Zea mays,HB,A 20102819,20100908,0,0
PAN 7Q-124,PAN7Q-124,,Pannar Seed,Yellow,Zea mays,HB,A 20102808,20100907,0,0
PAN 8M-91,PAN8M-91,,Pannar Seed,White,Zea mays,HB,A 20102804,20100908,0,0
PAN 8M-93,PAN8M-93,,Pannar Seed,White,Zea mays,HB,A 20123095,20120724,0,0
PCS 24G44,PCS24G44,,Procell Seed,Yellow,Zea mays,HB,A 20143513,20141002,0,0
PGS 51,PGS51,,Klein Karoo Seed Marketing,White,Zea mays,HB,A 20163879,20160913,0,0
PGS 53,PGS53,,Klein Karoo Seed Marketing,White,Zea mays,HB,A 20163880,20160913,0,0
PGS 57,PGS57,,Klein Karoo Seed Marketing,White,Zea mays,HB,A 20163881,20160913,0,0
PGS 63,PGS63,,Klein Karoo Seed Marketing,White,Zea mays,HB,A 20163882,20160913,0,0
PGS 65,PGS65,,Klein Karoo Seed Marketing,White,Zea mays,HB,A 20174049,20171016,0,0
Phb 30B05 BR,Phb30B05BR,PHB 30D09 BR,Corteva Agriscience RSA,White,Zea mays,GM,A 20082576,20080807,BR,BR
PHB 30B95 B,PHB30B95B,Phb3X5D400 WTE,Corteva Agriscience RSA,White,Zea mays,GM,A 20072476,20070801,B,B
PHB 30B97,PHB30B97,,Corteva Agriscience RSA,White,Zea mays,HB,A 20042039,20040820,0,0
PHB 30B97 BR,PHB30B97BR,,Corteva Agriscience RSA,White,Zea mays,GM,A 20082575,20080807,BR,BR
PHB 30D04 R,PHB30D04R,Phb 3X5D401WR,Corteva Agriscience RSA,White,Zea mays,GM,A 20082573,20080807,R,R
PHB 30D07 B,PHB30D07B,PHB 3X5C310 WT B,Corteva Agriscience RSA,White,Zea mays,GM,A 20082572,20080807,B,B
PHB 30D09 BR,PHB30D09BR,Phb 30B05 BR,Corteva Agriscience RSA,White,Zea mays,GM,A 20082576,20080807,BR,BR
PHB 30F40 B,PHB30F40B,,Corteva Agriscience RSA,Yellow,Zea mays,GM,A 20082611,20080731,B,B
PHB 30F42 B,PHB30F42B,,Corteva Agriscience RSA,Yellow,Zea mays,GM,A 20102830,20100816,B,B
PHB 30G19,PHB30G19,,Corteva Agriscience RSA,White,Zea mays,HB,A 20133357,20130930,0,0
PHB 30H22,PHB30H22,,Pioneer Hi-Bred RSA,Yellow,Zea mays,HB,A 971016,19970828,0,0
PHB 30K70,PHB30K70,,Pioneer Hi-Bred RSA,Yellow,Zea mays,HB,A 991332,19990720,0,0
PHB 30Y79 B,PHB30Y79B,Phb 3X5C314WTE,Corteva Agriscience RSA,White,Zea mays,GM,A 20072475,20070801,B,B
PHB 30Y81 R,PHB30Y81R,PHB 3X28A057WR R),Corteva Agriscience RSA,White,Zea mays,GM,A 20112959,20110729,R,R
PHB 30Y82 BR,PHB30Y82BR,PHB 3SA30108509 BR,Corteva Agriscience RSA,White,Zea mays,GM,A 20123137,20120807,BR,BR
PHB 30Y83,PHB30Y83,,Corteva Agriscience RSA,White,Zea mays,HB,A 20042040,20040820,0,0
PHB 30Y87,PHB30Y87,,Corteva Agriscience RSA,Yellow,Zea mays,HB,A 20163844,20160908,0,0
Phb 31133VW,Phb31133VW,PHB 32Y85,Corteva Agriscience RSA,White,Zea mays,HB,A 20052226,20050826,0,0
PHB 31D21 B,PHB31D21B,,Corteva Agriscience RSA,Yellow,Zea mays,GM,A 20112960,20110805,B,B
PHB 31D22 BR,PHB31D22BR,,Corteva Agriscience RSA,Yellow,Zea mays,GM,A 20123177,20120814,BR,BR
PHB 31D23 BR,PHB31D23BR,X8F871 BR,Corteva Agriscience RSA,Yellow,Zea mays,GM,A 20194282,20190912,BR,BR
PHB 31D24,PHB31D24,,Corteva Agriscience RSA,Yellow,Zea mays,HB,A 20102815,20100907,0,0
PHB 31D46 BR,PHB31D46BR,PHB 3X7F267TR BR,Corteva Agriscience RSA,Yellow,Zea mays,GM,A 20102838,20100816,BR,BR
PHB 31D48 B,PHB31D48B,,Corteva Agriscience RSA,Yellow,Zea mays,GM,A 20062384,20060801,B,B
Phb31D48B,Phb31D48B,,Corteva Agriscience RSA,Yellow,Zea mays,GM,,,B,B
PHB 31D48 BR,PHB31D48BR,,Corteva Agriscience RSA,Yellow,Zea mays,GM,A 20082610,20080731,BR,BR
Phb31D48BR,Phb31D48BR,,Corteva Agriscience RSA,Yellow,Zea mays,GM,,,BR,BR
PHB 31G54 BR,PHB31G54BR,,Corteva Agriscience RSA,Yellow,Zea mays,GM,A 20102823,20100816,BR,BR
PHB 31G56 R,PHB31G56R,Phb 3X23A025R R,Corteva Agriscience RSA,Yellow,Zea mays,GM,A 20112966,20110805,R,R
PHB 31G58,PHB31G58,,Corteva Agriscience RSA,Yellow,Zea mays,HB,A 20042031,20040820,0,0
PHB 31G58 BR,PHB31G58BR,,Corteva Agriscience RSA,Yellow,Zea mays,GM,A 20082612,20080731,BR,BR
PHB 31K58 B,PHB31K58B,,Corteva Agriscience RSA,Yellow,Zea mays,GM,A 20102831,20100816,B,B
Phb31K58B,Phb31K58B,,Corteva Agriscience RSA,Yellow,Zea mays,GM,,,B,B
PHB 31M05 R,PHB31M05R,PHB 3SA28342657 R,Corteva Agriscience RSA,White,Zea mays,GM,A 20123135,20120807,R,R
PHB 31M07 BR,PHB31M07BR,PHB 3SA30108507 BR,Corteva Agriscience RSA,White,Zea mays,GM,A 20123136,20120807,BR,BR
PHB 31M09,PHB31M09,,Corteva Agriscience RSA,White,Zea mays,HB,A 20042038,20040820,0,0
Phb31M09,Phb31M09,,Corteva Agriscience RSA,White,Zea mays,HB,,,0,0
PHB 31M80 R,PHB31M80R,Phb 31M81 R,Corteva Agriscience RSA,White,Zea mays,GM,A 20082577,20080807,R,R
PHB 31M81,PHB31M81,,Corteva Agriscience RSA,White,Zea mays,HB,A 20052225,20050826,0,0
PHB 31M81 BR,PHB31M81BR,PHB 31M84 BR,Corteva Agriscience RSA,White,Zea mays,GM,A 20082574,20080807,BR,BR
Phb 31M81 R,Phb31M81R,PHB 31M80 R,Corteva Agriscience RSA,White,Zea mays,GM,A 20082577,20080807,R,R
PHB 31M82 B,PHB31M82B,PHB 3X1183 DW B,Corteva Agriscience RSA,White,Zea mays,GM,A 20072472,20080801,B,B
PHB 31M84 BR,PHB31M84BR,PHB 31M81 BR,Corteva Agriscience RSA,White,Zea mays,GM,A 20082574,20080807,BR,BR
PHB 31N28 B,PHB31N28B,,Corteva Agriscience RSA,Yellow,Zea mays,GM,A 20102834,20100816,B,B
PHB 31T91,PHB31T91,,Corteva Agriscience RSA,White,Zea mays,HB,A 20072478,20070801,0,0
PHB 31V31,PHB31V31,,Corteva Agriscience RSA,White,Zea mays,HB,A20072477,20070801,0,0
PHB 31Y94 B,PHB31Y94B,,Corteva Agriscience RSA,Yellow,Zea mays,GM,A 20102776,20100816,B,B
PHB 3253,PHB3253,,Corteva Agriscience RSA,White,Zea mays,HB,A 92272,19920930,0,0
PHB 32A03,PHB32A03,,Corteva Agriscience RSA,White,Zea mays,HB,A 991404,19990811,0,0
PHB 32A05 B,PHB32A05B,,Corteva Agriscience RSA,White,Zea mays,GM,A 991377,19990811,B,B
PHB 32B05 R,PHB32B05R,PHB 3SA20581700 R,Corteva Agriscience RSA,White,Zea mays,GM,A 20123141,20120807,R,R
PHB 32B06 B,PHB32B06B,Phb 3X8F609 WT B,Corteva Agriscience RSA,White,Zea mays,GM,A 20102728,20100521,B,B
PHB 32B07 BR,PHB32B07BR,Phb 3X8F610 WT BR,Corteva Agriscience RSA,White,Zea mays,GM,A 20102729,20100521,BR,BR
Phb32B07BR,Phb32B07BR,,Corteva Agriscience RSA,White,Zea mays,GM,,,BR,BR
PHB32B07YR,PHB32B07YR,,Corteva Agriscience RSA,Yellow,Zea mays,GM,,,R,R
PHB 32B10,PHB32B10,,Corteva Agriscience RSA,White,Zea mays,HB,A 20062375,20060801,0,0
Phb32B10,Phb32B10,,Corteva Agriscience RSA,White,Zea mays,HB,,,0,0
PHB32D22YR,PHB32D22YR,,Corteva Agriscience RSA,Yellow,Zea mays,GM,,,R,R
PHB 32D77 R,PHB32D77R,BG 3592 R,Corteva Agriscience RSA,Yellow,Zea mays,GM,A 20123178,20120814,R,R
PHB 32D78,PHB32D78,BG 3292,Corteva Agriscience RSA,Yellow,Zea mays,HB,A 20123160,20120814,0,0
PHB 32D91 R,PHB32D91R,,Corteva Agriscience RSA,Yellow,Zea mays,GM,A 20072465,20070801,R,R
PHB 32D92 BR,PHB32D92BR,PHB 3SA42130924 BR,Corteva Agriscience RSA,Yellow,Zea mays,GM,A 20153654,20150728,BR,BR
PHB 32D95 BR,PHB32D95BR,,Corteva Agriscience RSA,Yellow,Zea mays,GM,A 20072460,20070801,BR,BR
PHB 32D96 B ,PHB32D96B,,Corteva Agriscience RSA,Yellow,Zea mays,GM,A 20042033,20040820,B,B
PHB 32D99 ,PHB32D99,,Corteva Agriscience RSA,Yellow,Zea mays,HB,A 20021705,20020910,0,0
PHB 32P68 R,PHB32P68R,,Corteva Agriscience RSA,Yellow,Zea mays,GM,A 20052221,20050826,R,R
PHB 32T50,PHB32T50,,Corteva Agriscience RSA,Yellow,Zea mays,HB,A 20031885,20030707,0,0
PHB 32T86 B,PHB32T86B,,Corteva Agriscience RSA,Yellow,Zea mays,GM,A 20123179,20120814,B,B
PHB 32W71,PHB32W71,,Corteva Agriscience RSA,Yellow,Zea mays,HB,A 20021706,20020910,0,0
PHB 32W72 B,PHB32W72B,,Corteva Agriscience RSA,Yellow,Zea mays,GM,A 20102833,20100816,B,B
PHB 32W74 BR,PHB32W74BR,PHB 3X18A311YR BR,Corteva Agriscience RSA,Yellow,Zea mays,GM,A 20133342,20130912,BR,BR
PHB 32Y85,PHB32Y85,Phb 31133VW,Corteva Agriscience RSA,White,Zea mays,HB,A 20052226,20050826,0,0
PHB 32Y86 BR,PHB32Y86BR,PHB 3SA42130911 BR,Corteva Agriscience RSA,White,Zea mays,GM,A 20123140,20120807,BR,BR
PHB 32Y87 B,PHB32Y87B,PHB 3X18A304WY B,Corteva Agriscience RSA,White,Zea mays,GM,A 20112953,20110729,B,B
PHB 33A14 B,PHB33A14B,,Corteva Agriscience RSA,Yellow,Zea mays,GM,A 991309,19990720,B,B
PHB 33B51 B,PHB33B51B,,Corteva Agriscience RSA,Yellow,Zea mays,GM,A 20102841,20100816,B,B
PHB 33B54 BR,PHB33B54BR,,Corteva Agriscience RSA,Yellow,Zea mays,GM,A 20102840,20100816,BR,BR
PHB 33D47 R,PHB33D47R,,Corteva Agriscience RSA,Yellow,Zea mays,GM,A 20153655,20150728,R,R
PHB 33H52 B,PHB33H52B,,Corteva Agriscience RSA,Yellow,Zea mays,GM,A 20102775,20100816,B,B
PHB 33H54 BR,PHB33H54BR,PHB 3SA42703939 BR,Corteva Agriscience RSA,Yellow,Zea mays,GM,A 20123182,20120814,BR,BR
PHB33H54YR,PHB33H54YR,,Corteva Agriscience RSA,Yellow,Zea mays,GM,,,R,R
PHB 33H56,PHB33H56,,Corteva Agriscience RSA,Yellow,Zea mays,HB,A 20072467,20070801,0,0
PHB 33H58 BR,PHB33H58BR,X13C815 BR,Corteva Agriscience RSA,Yellow,Zea mays,GM,A 20194271,20190912,BR,BR
PHB 33P81 R,PHB33P81R,,Corteva Agriscience RSA,Yellow,Zea mays,GM,A 20123180,20120814,R,R
PHB 33P82,PHB33P82,,Corteva Agriscience RSA,Yellow,Zea mays,HB,A 20123161,20120814,0,0
PHB 33R78 B,PHB33R78B,,Corteva Agriscience RSA,Yellow,Zea mays,GM,A 20062381,20060801,B,B
PHB 33Y72 B,PHB33Y72B,,Corteva Agriscience RSA,Yellow,Zea mays,GM,A 20102868,20100816,B,B
PHB 33Y74,PHB33Y74,,Corteva Agriscience RSA,Yellow,Zea mays,HB,A 20082627,20080731,0,0
PHB 3442,PHB3442,,Corteva Agriscience RSA,Yellow,Zea mays,HB,A 91167,19911025,0,0
PHB 34D68 R,PHB34D68R,,Corteva Agriscience RSA,Yellow,Zea mays,GM,A 20102829,20100816,R,R
PHB 34N44 B,PHB34N44B,,Corteva Agriscience RSA,Yellow,Zea mays,GM,A 20102774,20100816,B,B
PHB 34N45 BR,PHB34N45BR,,Corteva Agriscience RSA,Yellow,Zea mays,GM,A 20102773,20100816,BR,BR
PHB 35P10 BR,PHB35P10BR,,Corteva Agriscience RSA,Yellow,Zea mays,GM,A 20102844,20100816,BR,BR
PHB 35T05 R,PHB35T05R,,Corteva Agriscience RSA,Yellow,Zea mays,GM,A 20102842,20100816,R,R
PHB 35T06,PHB35T06,,Corteva Agriscience RSA,Yellow,Zea mays,HB,A 20102809,20100907,0,0
PHB 36B08,PHB36B08,,Corteva Agriscience RSA,Yellow,Zea mays,HB,A 20082640,20080731,0,0
PHB 36K66 R,PHB36K66R,,Corteva Agriscience RSA,Yellow,Zea mays,GM,A 20102843,20100816,R,R
PHB 3SA20581700 R,PHB3SA20581700R,PHB 32B05 R,Corteva Agriscience RSA,White,Zea mays,GM,A 20123141,20120807,R,R
PHB 3SA28342657 R,PHB3SA28342657R,PHB 31M05 R,Corteva Agriscience RSA,White,Zea mays,GM,A 20123135,20120807,R,R
PHB 3SA30108507 BR,PHB3SA30108507BR,PHB 31M07 BR,Corteva Agriscience RSA,White,Zea mays,GM,A 20123136,20120807,BR,BR
PHB 3SA30108509 BR,PHB3SA30108509BR,PHB 30Y82 BR,Corteva Agriscience RSA,White,Zea mays,GM,A 20123137,20120807,BR,BR
PHB 3SA42130899 BR,PHB3SA42130899BR,P2653 BR,Corteva Agriscience RSA,White,Zea mays,GM,A 20123139,20120807,BR,BR
PHB 3SA42130906 BR,PHB3SA42130906BR,P2961W BR,Corteva Agriscience RSA,White,Zea mays,GM,A 20133285,20130808,BR,BR
PHB 3SA42130911 BR,PHB3SA42130911BR,PHB 32Y86 BR,Corteva Agriscience RSA,White,Zea mays,GM,A 20123140,20120807,BR,BR
PHB 3SA42130924 BR,PHB3SA42130924BR,PHB 32D92 BR,Corteva Agriscience RSA,Yellow,Zea mays,GM,A 20153654,20150728,BR,BR
PHB 3SA42703939 BR,PHB3SA42703939BR,PHB 33H54 BR,Corteva Agriscience RSA,Yellow,Zea mays,GM,A 20123182,20120814,BR,BR
PHB 3SA42703942 BR,PHB3SA42703942BR,,Corteva Agriscience RSA,Yellow,Zea mays,GM,A 20133336,20130912,BR,BR
PHB 3SA42703956 BR,PHB3SA42703956BR,P1184 BR,Corteva Agriscience RSA,Yellow,Zea mays,GM,A 20133337,20130912,BR,BR
PHB 3SA50154084 B,PHB3SA50154084B,BG 6308 B,Corteva Agriscience RSA,Yellow,Zea mays,GM,A 20143481,20140822,B,B
PHB 3SA50154088 R,PHB3SA50154088R,PAN 6R-665 R,Corteva Agriscience RSA,White,Zea mays,GM,A 20143472,20140822,R,R
PHB 3SA50154089 R,PHB3SA50154089R,PAN 6R-680 R,Corteva Agriscience RSA,Yellow,Zea mays,GM,A 20143489,20140822,R,R
PHB 3SA53892834 R,PHB3SA53892834R,,Corteva Agriscience RSA,Yellow,Zea mays,GM,A 20133338,20130912,R,R
PHB 3SA53892835 B,PHB3SA53892835B,,Corteva Agriscience RSA,Yellow,Zea mays,GM,A 20133339,20130912,B,B
PHB 3SA63483027 B,PHB3SA63483027B,PAN 6B-365 B,Corteva Agriscience RSA,White,Zea mays,GM,A 20153607,20150716,B,B
PHB 3SA63483028 BR,PHB3SA63483028BR,PAN 6R-765 BR,Corteva Agriscience RSA,White,Zea mays,GM,A 20153614,20150716,BR,BR
PHB 3SA63483029 BR,PHB3SA63483029BR,PAN 6R-780 BR,Corteva Agriscience RSA,Yellow,Zea mays,GM,A 20153653,20150728,BR,BR
PHB 3SA64172003,PHB3SA64172003,PAN 5A-195,Corteva Agriscience RSA,White,Zea mays,HB,A 20143498,20140930,0,0
PHB 3SA64172004,PHB3SA64172004,PAN 5A-291,Corteva Agriscience RSA,White,Zea mays,HB,A 20143499,20140930,0,0
PHB 3SA64172005,PHB3SA64172005,,Corteva Agriscience RSA,Yellow,Zea mays,HB,A 20143514,20141002,0,0
PHB 3SA88214401 BR,PHB3SA88214401BR,P2864W BR,Corteva Agriscience RSA,White,Zea mays,GM,A 20153615,20150716,BR,BR
PHB 3SA88214802 BR,PHB3SA88214802BR,,Corteva Agriscience RSA,White,Zea mays,GM,A 20163776,20160726,BR,BR
PHB 3SA88214803 BR,PHB3SA88214803BR,,Corteva Agriscience RSA,White,Zea mays,GM,A 20153616,20150716,BR,BR
PHB 3SA88214804 B,PHB3SA88214804B,P2553W B,Corteva Agriscience RSA,White,Zea mays,GM,A 20163777,20160726,B,B
PHB 3SA88214805,PHB3SA88214805,P1814,Corteva Agriscience RSA,Yellow,Zea mays,HB,A 20153666,20150916,0,0
PHB 3SA88214806 BR,PHB3SA88214806BR,,Corteva Agriscience RSA,Yellow,Zea mays,GM,A 20163799,20160726,BR,BR
PHB 3SA88214807 R,PHB3SA88214807R,,Corteva Agriscience RSA,Yellow,Zea mays,GM,A 20153656,20150728,R,R
PHB 3SA88214808 BR,PHB3SA88214808BR,,Corteva Agriscience RSA,Yellow,Zea mays,GM,A 20153657,20150728,BR,BR
PHB 3SA99030326 BR,PHB3SA99030326BR,PAN 5R-993 BR,Corteva Agriscience RSA,White,Zea mays,GM,A 20143473,20140822,BR,BR
PHB 3SA99030327,PHB3SA99030327,,Corteva Agriscience RSA,White,Zea mays,HB,A 20143500,20140930,0,0
PHB 3X1183 DW B,PHB3X1183DWB,PHB 31M82 B,Corteva Agriscience RSA,White,Zea mays,GM,A 20072472,20080801,B,B
PHB 3X13A473YR BR,PHB3X13A473YRBR,,Corteva Agriscience RSA,Yellow,Zea mays,GM,A 20153658,20150728,BR,BR
PHB 3X13A497YR BR,PHB3X13A497YRBR,,Corteva Agriscience RSA,Yellow,Zea mays,GM,A 20153659,20150728,BR,BR
PHB 3X13B414YR BR,PHB3X13B414YRBR,,Corteva Agriscience RSA,Yellow,Zea mays,GM,A 20133340,20130912,BR,BR
PHB 3X13B676Y B,PHB3X13B676YB,,Corteva Agriscience RSA,Yellow,Zea mays,GM,A 20123183,20120814,B,B
PHB 3X13C816Y B,PHB3X13C816YB,P1486 B,Corteva Agriscience RSA,Yellow,Zea mays,GM,A 20133341,20130912,B,B
PHB 3X13D214Y B,PHB3X13D214YB,,Corteva Agriscience RSA,Yellow,Zea mays,GM,A 20143490,20140822,B,B
PHB 3X13F539YR BR,PHB3X13F539YRBR,,Corteva Agriscience RSA,Yellow,Zea mays,GM,A 20153660,20150728,BR,BR
PHB 3X18A303WYR BR,PHB3X18A303WYRBR,,Corteva Agriscience RSA,White,Zea mays,GM,A 20123142,20120807,BR,BR
PHB 3X18A304WY B,PHB3X18A304WYB,PHB 32Y87 B,Corteva Agriscience RSA,White,Zea mays,GM,A 20112953,20110729,B,B
PHB 3X18A306,PHB3X18A306,IMP 52-12,Corteva Agriscience RSA,Yellow,Zea mays,HB,A 20112978,20110805,0,0
PHB 3X18A307,PHB3X18A307,,Corteva Agriscience RSA,Yellow,Zea mays,HB,A 20112979,20110805,0,0
PHB 3X18A311YR BR,PHB3X18A311YRBR,PHB 32W74 BR,Corteva Agriscience RSA,Yellow,Zea mays,GM,A 20133342,20130912,BR,BR
PHB 3X18A322,PHB3X18A322,,Corteva Agriscience RSA,Yellow,Zea mays,HB,A 20112980,20110805,0,0
PHB 3X18A322 R R,PHB3X18A322RR,,Corteva Agriscience RSA,Yellow,Zea mays,GM,A 20112964,20110805,R,R
PHB 3X18A322 Y B,PHB3X18A322YB,,Corteva Agriscience RSA,Yellow,Zea mays,GM,A 20112965,20110805,B,B
PHB 3X18A655 R,PHB3X18A655R,P1814 R,Corteva Agriscience RSA,Yellow,Zea mays,GM,A 20153661,20150728,R,R
PHB 3X18A679YR BR,PHB3X18A679YRBR,,Corteva Agriscience RSA,Yellow,Zea mays,GM,A 20143491,20140822,BR,BR
PHB 3X18B761WY B,PHB3X18B761WYB,,Corteva Agriscience RSA,White,Zea mays,GM,A 20123143,20120807,B,B
PHB 3X18B771Y B,PHB3X18B771YB,,Corteva Agriscience RSA,Yellow,Zea mays,GM,A 20133343,20130912,B,B
PHB 3X18B773,PHB3X18B773,,Corteva Agriscience RSA,Yellow,Zea mays,HB,A 20123162,20120814,0,0
PHB 3X18B774Y B,PHB3X18B774YB,,Corteva Agriscience RSA,Yellow,Zea mays,GM,A 20123184,20120814,B,B
PHB 3X18B776Y B,PHB3X18B776YB,,Corteva Agriscience RSA,Yellow,Zea mays,GM,A 20123185,20120814,B,B
PHB 3X18B776YR BR,PHB3X18B776YRBR,PAN 4R-776 BR,Corteva Agriscience RSA,Yellow,Zea mays,GM,A 20143488,20140822,BR,BR
PHB 3X18C512,PHB3X18C512,,Corteva Agriscience RSA,Yellow,Zea mays,HB,A 20143515,20141002,0,0
PHB 3X18C517WY B,PHB3X18C517WYB,,Corteva Agriscience RSA,White,Zea mays,GM,A 20143474,20140822,B,B
PHB 3X18D870W,PHB3X18D870W,,Corteva Agriscience RSA,White,Zea mays,HB,A 20143501,20140930,0,0
PHB 3X18D871,PHB3X18D871,,Corteva Agriscience RSA,Yellow,Zea mays,HB,A 20143516,20141002,0,0
PHB 3X18F886,PHB3X18F886,PAN 5A-190,Corteva Agriscience RSA,Yellow,Zea mays,HB,A 20153667,20150916,0,0
PHB 3X23A012W,PHB3X23A012W,PAN 4A-111,Corteva Agriscience RSA,White,Zea mays,HB,A20123099,20120724,0,0
PHB 3X23A012WY B,PHB3X23A012WYB,PAN 4B-311 B,Corteva Agriscience RSA,White,Zea mays,GM,A 20123144,20120807,B,B
PHB 3X23A013W,PHB3X23A013W,,Corteva Agriscience RSA,White,Zea mays,HB,A 20123100,20120724,0,0
PHB 3X23A014W,PHB3X23A014W,,Corteva Agriscience RSA,White,Zea mays,HB,A 20123101,20120724,0,0
PHB 3X23A017Y B,PHB3X23A017YB,,Corteva Agriscience RSA,Yellow,Zea mays,GM,A 20123186,20120814,B,B
PHB 3X23A018,PHB3X23A018,,Corteva Agriscience RSA,Yellow,Zea mays,HB,A 20112981,20110805,0,0
PHB 3X23A020,PHB3X23A020,,Corteva Agriscience RSA,Yellow,Zea mays,HB,A 20123163,20120814,0,0
Phb 3X23A025R R,Phb3X23A025RR,PHB 31G56 R,Corteva Agriscience RSA,Yellow,Zea mays,GM,A 20112966,20110805,R,R
PHB 3X23B138 W,PHB3X23B138W,,Corteva Agriscience RSA,White,Zea mays,HB,A 20123102,20120724,0,0
PHB 3X23B140WY B,PHB3X23B140WYB,,Corteva Agriscience RSA,White,Zea mays,GM,A 20123145,20120807,B,B
PHB 3X23B142WY B,PHB3X23B142WYB,IMP 52-11 B,Corteva Agriscience RSA,White,Zea mays,GM,A 20133286,20130808,B,B
PHB 3X23B143WY B,PHB3X23B143WYB,,Corteva Agriscience RSA,White,Zea mays,GM,A 20123146,20120807,B,B
PHB 3X23B144WY B,PHB3X23B144WYB,VP 8405 B,Corteva Agriscience RSA,White,Zea mays,GM,A20123147,20120807,B,B
PHB 3X23B148R R,PHB3X23B148RR,P2432 R,Corteva Agriscience RSA,Yellow,Zea mays,GM,A 20123188,20120814,R,R
PHB 3X23B150,PHB3X23B150,,Corteva Agriscience RSA,Yellow,Zea mays,HB,A 20123164,20120814,0,0
PHB 3X23B151Y B,PHB3X23B151YB,P2137 B,Corteva Agriscience RSA,Yellow,Zea mays,GM,A 20133344,20130912,B,B
PHB 3X23C324 W,PHB3X23C324W,,Corteva Agriscience RSA,White,Zea mays,HB,A 20133353,20130930,0,0
PHB 3X23C333,PHB3X23C333,,Corteva Agriscience RSA,Yellow,Zea mays,HB,A 20133315,20130912,0,0
PHB 3X23C335,PHB3X23C335,,Corteva Agriscience RSA,Yellow,Zea mays,HB,A 20133316,20130912,0,0
PHB 3X23C336 YNC B,PHB3X23C336YNCB,,Corteva Agriscience RSA,Yellow,Zea mays,GM,A 20133345,20130912,B,B
PHB 3X23D411WYR BR,PHB3X23D411WYRBR,,Corteva Agriscience RSA,White,Zea mays,GM,A 20143475,20140822,BR,BR
PHB 3X23D412 R,PHB3X23D412R,,Corteva Agriscience RSA,Yellow,Zea mays,GM,A 20153662,20150728,R,R
PHB 3X23F431WY B,PHB3X23F431WYB,,Corteva Agriscience RSA,White,Zea mays,GM,A 20153619,20150716,B,B
PHB 3X23F432WY B,PHB3X23F432WYB,,Corteva Agriscience RSA,White,Zea mays,GM,A 20153620,20150716,B,B
PHB 3X23F436WY B,PHB3X23F436WYB,,Corteva Agriscience RSA,White,Zea mays,GM,A 20153621,20150716,B,B
PHB 3X23F439,PHB3X23F439,PAN 5A-154,Corteva Agriscience RSA,Yellow,Zea mays,HB,A 20153668,20150916,0,0
PHB 3X23F442Y B,PHB3X23F442YB,,Corteva Agriscience RSA,Yellow,Zea mays,GM,A 20153663,20150728,B,B
PHB 3X28A047WY B,PHB3X28A047WYB,,Corteva Agriscience RSA,White,Zea mays,GM,A 20112955,20110729,B,B
PHB 3X28A050W,PHB3X28A050W,,Corteva Agriscience RSA,White,Zea mays,HB,A 20123104,20120724,0,0
PHB 3X28A056WY B,PHB3X28A056WYB,,Corteva Agriscience RSA,White,Zea mays,GM,A 20123148,20120807,B,B
PHB 3X28A057WR R,PHB3X28A057WRR,PHB 30Y81 R,Corteva Agriscience RSA,White,Zea mays,GM,A 20112959,20110729,R,R
PHB 3X28A057WYR BR,PHB3X28A057WYRBR,,Corteva Agriscience RSA,White,Zea mays,GM,A 20123149,20120807,BR,BR
PHB 3X28A058,PHB3X28A058,,Corteva Agriscience RSA,Yellow,Zea mays,HB,A 20112982,20110805,0,0
PHB 3X28A059,PHB3X28A059,,Corteva Agriscience RSA,Yellow,Zea mays,HB,A 20112983,20110805,0,0
PHB 3X28A062,PHB3X28A062,,Corteva Agriscience RSA,Yellow,Zea mays,HB,A 20112984,20110805,0,0
PHB 3X28B174WY B,PHB3X28B174WYB,,Corteva Agriscience RSA,White,Zea mays,GM,A 20123150,20120807,B,B
PHB 3X28C224WY B,PHB3X28C224WYB,P2961W B,Corteva Agriscience RSA,White,Zea mays,GM,A 20133287,20130808,B,B
PHB 3X28C225YR BR,PHB3X28C225YRBR,P2823W BR,Corteva Agriscience RSA,White,Zea mays,GM,A 20143466,20140822,BR,BR
PHB 3X28C231W,PHB3X28C231W,,Corteva Agriscience RSA,White,Zea mays,HB,A 20133354,20130930,0,0
PHB 3X28C233W,PHB3X28C233W,,Corteva Agriscience RSA,White,Zea mays,HB,A 20133355,20130930,0,0
PHB 3X28C253W,PHB3X28C253W,,Corteva Agriscience RSA,White,Zea mays,HB,A 20133356,20130930,0,0
PHB 3X28D293W,PHB3X28D293W,,Corteva Agriscience RSA,White,Zea mays,HB,A 20143502,20140930,0,0
PHB 3X28D298WYR BR,PHB3X28D298WYRBR,,Corteva Agriscience RSA,White,Zea mays,GM,A 20153617,20150716,BR,BR
PHB 3X28D299WYR BR,PHB3X28D299WYRBR,P2707W BR,Corteva Agriscience RSA,White,Zea mays,GM,A 20143476,20140822,BR,BR
PHB 3X28D3021,PHB3X28D3021,,Corteva Agriscience RSA,Yellow,Zea mays,HB,A 20153669,20150916,0,0
PHB 3X28D308WYR BR,PHB3X28D308WYRBR,P2880W BR,Corteva Agriscience RSA,White,Zea mays,GM,A 20153618,20150716,BR,BR
PHB 3X28D309WYR BR,PHB3X28D309WYRBR,PAN 5R-791 BR,Corteva Agriscience RSA,White,Zea mays,GM,A 20143477,20140822,BR,BR
PHB 3X28D310WYR BR,PHB3X28D310WYRBR,,Corteva Agriscience RSA,White,Zea mays,GM,A 20143478,20140822,BR,BR
PHB 3X28F401WY B,PHB3X28F401WYB,,Corteva Agriscience RSA,White,Zea mays,GM,A 20153622,20150716,B,B
PHB 3X35A164WR R,PHB3X35A164WRR,,Corteva Agriscience RSA,White,Zea mays,GM,A 20123151,20120807,R,R
PHB 3X35A165WR R,PHB3X35A165WRR,PAN 5R-693 R,Corteva Agriscience RSA,White,Zea mays,GM,A 20123152,20120807,R,R
PHB 3X35A165WY B,PHB3X35A165WYB,,Corteva Agriscience RSA,White,Zea mays,GM,A 20123153,20120807,B,B
PHB 3X35A166,PHB3X35A166,,Corteva Agriscience RSA,Yellow,Zea mays,HB,A 20112985,20110805,0,0
PHB 3X35C547WY B,PHB3X35C547WYB,,Corteva Agriscience RSA,White,Zea mays,GM,A 20133288,20130808,B,B
Phb 3X4C357 W,Phb3X4C357W,P2961W,Corteva Agriscience RSA,White,Zea mays,HB,A20102785,20100908,0,0
PHB 3X5B241,PHB3X5B241,,Corteva Agriscience RSA,Yellow,Zea mays,HB,A 20082620,20080731,0,0
PHB 3X5C310 WT B,PHB3X5C310WTB,PHB 30D07 B,Corteva Agriscience RSA,White,Zea mays,GM,A 20082572,20080807,B,B
Phb 3X5C314WTE,Phb3X5C314WTE,PHB 30Y79 B,Corteva Agriscience RSA,White,Zea mays,GM,A 20072475,20070801,TE,0
Phb3X5D400 WTE,Phb3X5D400WTE,PHB 30B95 B,Corteva Agriscience RSA,White,Zea mays,GM,A 20072476,20070801,TE,0
Phb 3X5D401WR,Phb3X5D401WR,PHB 30D04 R,Corteva Agriscience RSA,White,Zea mays,GM,A 20082573,20080807,WR,0
PHB 3X6F690W,PHB3X6F690W,,Corteva Agriscience RSA,White,Zea mays,HB,A 20082598,20080807,0,0
PHB 3X6F695,PHB3X6F695,BG 4296,Corteva Agriscience RSA,Yellow,Zea mays,HB,A 20102812,20100907,0,0
PHB 3X6F696,PHB3X6F696,,Corteva Agriscience RSA,Yellow,Zea mays,HB,A 20102810,20100907,0,0
PHB 3X6H922 T B,PHB3X6H922TB,BG 3492 B,Corteva Agriscience RSA,Yellow,Zea mays,GM,A 20102771,20100816,B,B
PHB 3X7F267TR BR,PHB3X7F267TRBR,PHB 31D46 BR,Corteva Agriscience RSA,Yellow,Zea mays,GM,A 20102838,20100816,BR,BR
PHB 3X7F761T B,PHB3X7F761TB,P1973 B,Corteva Agriscience RSA,Yellow,Zea mays,GM,A 20123189,20120814,B,B
PHB 3X7F791,PHB3X7F791,,Corteva Agriscience RSA,Yellow,Zea mays,HB,A 20102811,20100907,0,0
PHB 3X7F795,PHB3X7F795,P2048,Corteva Agriscience RSA,Yellow,Zea mays,HB,A 20102828,20100907,0,0
PHB 3X8C152,PHB3X8C152,P2612,Corteva Agriscience RSA,Yellow,Zea mays,HB,A 20102814,20100907,0,0
PHB 3X8C153,PHB3X8C153,,Corteva Agriscience RSA,Yellow,Zea mays,HB,A 20102796,20100907,0,0
PHB 3X8C155,PHB3X8C155,P3052,Corteva Agriscience RSA,Yellow,Zea mays,HB,A 20102795,20100907,0,0
PHB 3X8C403T B,PHB3X8C403TB,,Corteva Agriscience RSA,Yellow,Zea mays,GM,A 20102769,20100816,B,B
PHB 3X8D245,PHB3X8D245,,Corteva Agriscience RSA,Yellow,Zea mays,HB,A 20102794,20100907,0,0
PHB 3X8D555 RR,PHB3X8D555RR,,Corteva Agriscience RSA,Yellow,Zea mays,GM,A 20102836,20100816,RR,R
PHB 3X8F422,PHB3X8F422,,Corteva Agriscience RSA,Yellow,Zea mays,HB,A 20102792,20100907,0,0
PHB 3X8F423,PHB3X8F423,,Corteva Agriscience RSA,Yellow,Zea mays,HB,A 20112986,20110805,0,0
Phb 3X8F609 WT B,Phb3X8F609WTB,PHB 32B06 B,Corteva Agriscience RSA,White,Zea mays,GM,A 20102728,20100521,B,B
Phb 3X8F610 WT BR,Phb3X8F610WTBR,PHB 32B07 BR,Corteva Agriscience RSA,White,Zea mays,GM,A 20102729,20100521,BR,BR
PHB 3X8F611TR BR,PHB3X8F611TRBR,,Corteva Agriscience RSA,Yellow,Zea mays,GM,A 20102837,20100816,BR,BR
PHB SA33400352 R,PHBSA33400352R,,Corteva Agriscience RSA,Yellow,Zea mays,GM,A 20112967,20110805,R,R
PHB X13B655,PHBX13B655,,Corteva Agriscience RSA,Yellow,Zea mays,HB,A 20163846,20160908,0,0
PHB X13B655 BR,PHBX13B655BR,,Corteva Agriscience RSA,Yellow,Zea mays,GM,A 20174014,20170828,BR,BR
PHB X13C761 BR,PHBX13C761BR,,Corteva Agriscience RSA,Yellow,Zea mays,GM,A 20163802,20160726,BR,BR
PHB X13C761 R,PHBX13C761R,,Corteva Agriscience RSA,Yellow,Zea mays,GM,A 20163800,20160726,R,R
PHB X13C762 R,PHBX13C762R,,Corteva Agriscience RSA,Yellow,Zea mays,GM,A 20163801,20160726,R,R
PHB X13D214,PHBX13D214,,Corteva Agriscience RSA,Yellow,Zea mays,HB,A 20163847,20160908,0,0
PHB X18F886 B,PHBX18F886B,,Corteva Agriscience RSA,Yellow,Zea mays,GM,A 20163803,20160726,B,B
PHB X18H665W,PHBX18H665W,PAN 4A-159,Corteva Agriscience RSA,White,Zea mays,HB,A 20163883,20160913,0,0
PHB X18H667,PHBX18H667,,Corteva Agriscience RSA,Yellow,Zea mays,HB,A 20163848,20160908,0,0
PHB X18H669,PHBX18H669,,Corteva Agriscience RSA,Yellow,Zea mays,HB,A 20163849,20160908,0,0
PHB X18H670,PHBX18H670,,Corteva Agriscience RSA,Yellow,Zea mays,HB,A 20163850,20160908,0,0
PHB X18H671,PHBX18H671,,Corteva Agriscience RSA,Yellow,Zea mays,HB,A 20163851,20160908,0,0
PHB X18H673,PHBX18H673,,Corteva Agriscience RSA,Yellow,Zea mays,HB,A 20163852,20160908,0,0
PHB X18H674,PHBX18H674,PAN 4A-156,Corteva Agriscience RSA,Yellow,Zea mays,HB,A 20163853,20160908,0,0
PHB X23F431W,PHBX23F431W,,Corteva Agriscience RSA,White,Zea mays,HB,A 20163884,20160913,0,0
PHB X23F431W R,PHBX23F431WR,,Corteva Agriscience RSA,White,Zea mays,GM,A 20163778,20160726,R,R
PHB X23F433W BR,PHBX23F433WBR,,Corteva Agriscience RSA,White,Zea mays,GM,A 20163779,20160726,BR,BR
PHB X23F438W R,PHBX23F438WR,P2553W R,Corteva Agriscience RSA,White,Zea mays,GM,A 20163787,20160726,R,R
PHB X23F442 B,PHBX23F442B,P2370 B,Corteva Agriscience RSA,Yellow,Zea mays,GM,A 20163804,20160726,B,B
PHB X23H505W R,PHBX23H505WR,,Corteva Agriscience RSA,White,Zea mays,GM,A 20163786,20160726,R,R
PHB X23H509W,PHBX23H509W,,Corteva Agriscience RSA,White,Zea mays,HB,A 20163885,20160913,0,0
PHB X23H509W B,PHBX23H509WB,,Corteva Agriscience RSA,White,Zea mays,GM,A 20163780,20160726,B,B
PHB X23H513W R,PHBX23H513WR,,Corteva Agriscience RSA,White,Zea mays,GM,A 20163788,20160726,R,R
PHB X23H517 B,PHBX23H517B,,Corteva Agriscience RSA,Yellow,Zea mays,GM,A 20163805,20160726,B,B
PHB X23H518,PHBX23H518,P2319,Corteva Agriscience RSA,Yellow,Zea mays,HB,A 20163854,20160908,0,0
PHB X23H518 B,PHBX23H518B,P2319 B,Corteva Agriscience RSA,Yellow,Zea mays,GM,A 20163806,20160726,B,B
PHB X23H519,PHBX23H519,,Corteva Agriscience RSA,Yellow,Zea mays,HB,A 20163855,20160908,0,0
PHB X23H522,PHBX23H522,PAN 5A-170,Corteva Agriscience RSA,Yellow,Zea mays,HB,A 20163856,20160908,0,0
PHB X23H523,PHBX23H523,,Corteva Agriscience RSA,Yellow,Zea mays,HB,A 20163857,20160908,0,0
PHB X23H527,PHBX23H527,,Corteva Agriscience RSA,Yellow,Zea mays,HB,A 20163858,20160908,0,0
PHB X23H528,PHBX23H528,,Corteva Agriscience RSA,Yellow,Zea mays,HB,A 20163859,20160908,0,0
PHB X28D297W B,PHBX28D297WB,P3058W Y,Corteva Agriscience RSA,White,Zea mays,GM,A 20163781,20160726,B,B
PHB X28D310W B,PHBX28D310WB,,Corteva Agriscience RSA,White,Zea mays,GM,A 20163782,20160726,B,B
PHB X28D310W BR,PHBX28D310WBR,,Corteva Agriscience RSA,White,Zea mays,GM,A 20163783,20160726,BR,BR
PHB X35H446W BR,PHBX35H446WBR,PAN 6R-779 BR,Corteva Agriscience RSA,White,Zea mays,GM,A 20163784,20160726,BR,BR
PHB X5H301W,PHBX5H301W,PAN 3A-157,Corteva Agriscience RSA,White,Zea mays,HB,A 20163886,20160913,0,0
PHB X80407777W B,PHBX80407777WB,P2311W B,Corteva Agriscience RSA,White,Zea mays,GM,A 20163785,20160726,B,B
PHB X80407783W B,PHBX80407783WB,,Corteva Agriscience RSA,White,Zea mays,GM,A 20173994,20170824,B,B
Platinum,Platinum,,Delta Seed,White,Zea mays,HB,A 20011625,20010925,0,0
PR 31D25,PR31D25,,Corteva Agriscience RSA,Yellow,Zea mays,GM,A 20133346,20130912,D25,0
PR 32T83,PR32T83,,Corteva Agriscience RSA,Yellow,Zea mays,HB,A 20112977,20110805,0,0
PR 33W86,PR33W86,,Pioneer Hi-Bred RSA,Yellow,Zea mays,GM,A 20123181,20120814,86,0
QN 521,QN521,,Quality Seed,White,Zea mays,HB,A 20153677,20151016,0,0
QN 601,QN601,,Quality Seed,White,Zea mays,HB,A 20153678,20151016,0,0
QN 701,QN701,,Quality Seed,White,Zea mays,HB,A 20174050,20171016,0,0
QN 711,QN711,,Quality Seed,White,Zea mays,HB,A 20174051,20171016,0,0
QS 623,QS623,,Quality Seed,White,Zea mays,HB QP,A 20153679,20151016,0,0
QS 7606,QS7606,,Quality Seed,Yellow,Zea mays,HB QP,A 971009,19970828,0,0
QS 7608,QS7608,,Quality Seed,Yellow,Zea mays,HB QP,A 96936,19961021,0,0
QS 7614,QS7614,,Quality Seed,Yellow,Zea mays,HB QP,A 20031899,20030707,0,0
QS 7616,QS7616,,Quality Seed,Yellow,Zea mays,HB QP,A 20031900,20030707,0,0
QS 7646,QS7646,,Quality Seed,Yellow,Zea mays,HB QP,A 20102816,20100907,0,0
QS 7701,QS7701,,Quality Seed,White,Zea mays,HB QP,A 96934,19961014,0,0
QS 7707,QS7707,,Quality Seed,White,Zea mays,HB QP,A 20021764,20020910,0,0
QS 7715,QS7715,,Quality Seed,White,Zea mays,HB QP,A 20042074,20040820,0,0
QS 7717,QS7717,,Quality Seed,White,Zea mays,HB QP,A20062340,20060801,0,0
QS 7751,QS7751,,Quality Seed,White,Zea mays,HB QP,A 20052214,20050818,0,0
QS 7761,QS7761,,Quality Seed,White,Zea mays,HB QP,A 20052215,20050818,0,0
QS-King,QS-King,,Quality Seed,White,Zea mays,OP QP,A 20072513,20070801,0,0
Qsoba,Qsoba,,Quality Seed,White,Zea mays,OP QP,A 20042075,20040820,0,0
Revolution,Revolution,Banana,Nelson Genetics/Agricol,White,Zea mays,HB,A 20123087,20120724,0,0
RO 413,RO413,,Regop Saad,White,Zea mays,HB,A 86572,19860929,0,0
RO 430,RO430,,Regop Saad,Yellow,Zea mays,HB,,Voluntary on list,0,0
SA 4101,SA4101,,ARC GCI,White,Zea mays,HB,A 20153680,20151016,0,0
SA 4108,SA4108,,ARC GCI,White,Zea mays,HB,A 20153681,20151016,0,0
SA 4111,SA4111,,ARC GCI,White,Zea mays,HB,A 20153682,20151016,0,0
SA 4112,SA4112,,ARC GCI,White,Zea mays,HB,A 20153683,20151016,0,0
SA 4115Q,SA4115Q,,ARC GCI,White,Zea mays,HB QP,A 20153684,20151016,0,0
SA 4348,SA4348,,ARC GCI,White,Zea mays,HB,A 20153685,20151016,0,0
SA 4364,SA4364,,ARC GCI,White,Zea mays,HB,A 20153686,20151016,0,0
SA79335446W BR,SA79335446WBR,,Corteva Agriscience RSA,White,Zea mays,GM,A 20194284,20190912,BR,BR
Sahara,Sahara,,,Yellow,Zea mays,OP,,Voluntary on list,0,0
SC 301,SC301,,Seed Co SA,White,Zea mays,HB,A 20163887,20160913,0,0
SC302,SC302,,Seed Co SA,Yellow,Zea mays,HB,,,0,0
SC 303,SC303,,Seed Co SA,White,Zea mays,HB,A 20163888,20160913,0,0
SC 402,SC402,,Seed Co SA,Yellow,Zea mays,HB,A 20174037,20171010,0,0
SC 403,SC403,,Seed Co SA,White,Zea mays,HB,A 20011629,20010925,0,0
SC 404,SC404,,Seed Co SA,Yellow,Zea mays,HB,A 20184177,20181108,0,0
SC408,SC408,,Seed Co SA,Yellow,Zea mays,HB,,,0,0
SC 411,SC411,,Seed Co SA,White,Zea mays,HB,A 20123106,20120724,0,0
SC 419,SC419,,Seed Co SA,White,Zea mays,HB,A 20163889,20160913,0,0
SC 506,SC506,,Seed Co SA,Yellow,Zea mays,HB,A 20143517,20141002,0,0
SC 512,SC512,,Seed Co SA,Yellow,Zea mays,HB,A 20174038,20171010,0,0
SC 513,SC513,,Seed Co SA,White,Zea mays,HB,A 20011631,20010925,0,0
SC533,SC533,,Seed Co SA,White,Zea mays,HB,,,0,0
SC549,SC549,,Seed Co SA,White,Zea mays,HB,,,0,0
SC 602,SC602,,Syngenta SA,Yellow,Zea mays,HB,A 20001454,20000613,0,0
SC 608,SC608,,Seed Co SA,Yellow,Zea mays,HB,A 20133317,20130912,0,0
SC 612,SC612,,Seed Co SA,Yellow,Zea mays,HB,A 20153672,20150916,0,0
SC 627,SC627,,Seed Co SA,White,Zea mays,HB,A 20001493,20000915,0,0
SC 633,SC633,,Seed Co SA,White,Zea mays,HB,A 20011628,20010925,0,0
SC 637,SC637,,Seed Co SA,White,Zea mays,HB,A 20123107,20120724,0,0
SC647,SC647,,Seed Co SA,White,Zea mays,HB,,,0,0
SC 701,SC701,,Seed Co SA,White,Zea mays,HB,A 92270,19920930,0,0
SC 709,SC709,,Seed Co SA,White,Zea mays,HB,A 97981,19970828,0,0
SC 719,SC719,,Seed Co SA,White,Zea mays,HB,A 20123108,20120724,0,0
SC 727,SC727,,Seed Co SA,White,Zea mays,HB,A 20163890,20160913,0,0
Silmaster,Silmaster,,Delta Seed,Yellow,Zea mays,HB,A 20011605,20010926,0,0
Silver King,SilverKing,,,White,Zea mays,OP,,Voluntary on list,0,0
SNK 2147,SNK2147,DKC2147,Bayer (Pty) Ltd,White,Zea mays,HB,,Voluntary on list,0,0
SNK 2555,SNK2555,SNK 61,Nelson Genetics/Sensako,White,Zea mays,OP,A 20133365,20130930,0,0
SNK 2768,SNK2768,,Sensako,Yellow,Zea mays,HB,A 20174039,20171010,0,0
SNK 2778,SNK2778,,Bayer (Pty) Ltd,Yellow,Zea mays,HB,A 971022,19970828,0,0
SNK 61,SNK61,SNK 2555,Nelson Genetics/Sensako,White,Zea mays,OP,A 20133365,20130930,0,0
SS7987BR,SS7987BR,,Bayer (Pty) Ltd,White,Zea mays,GM,A 20204378,20201208,BR,BR
SV419,SV419,,Pannar Seed,White,Zea mays,GM,,,,0
TQ31137525 BR,TQ31137525BR,,Corteva Agriscience RSA,Yellow,Zea mays,GM,A 20174015,20170828,BR,BR
US9600,US9600,,United Seeds,Yellow,Zea mays,HB,A 20082643,20080731,0,0
US9610,US9610,,United Seeds,Yellow,Zea mays,HB,A 20102791,20100907,0,0
US9612,US9612,,United Seeds,Yellow,Zea mays,HB,A 20184190,20181108,0,0
US9616,US9616,,United Seeds,Yellow,Zea mays,HB,A 20184189,20181108,0,0
US9620,US9620,,United Seeds,Yellow,Zea mays,HB,A 20102793,20100907,0,0
US9640,US9640,,United Seeds,Yellow,Zea mays,HB,A 20153670,20150916,0,0
US9642,US9642,,United Seeds,Yellow,Zea mays,HB,A 20153671,20150916,0,0
US9680BR,US9680BR,,United Seeds,Yellow,Zea mays,GM,,,BR,BR
US9711,US9711,,United Seeds,White,Zea mays,HB,A 20174053,20171016,0,0
US9721,US9721,,United Seeds,White,Zea mays,HB,A 20184173,20181005,0,0
US9723,US9723,,United Seeds,White,Zea mays,HB,A 20184174,20181005,0,0
US9747,US9747,,United Seeds,White,Zea mays,HB,A 20062341,20060801,0,0
US9755,US9755,,United Seeds,White,Zea mays,HB,A 20143503,20140930,0,0
US9770,US9770,,United Seeds,Yellow,Zea mays,HB,A 20082642,20080731,0,0
US9772,US9772,,United Seeds,Yellow,Zea mays,HB,A 20082641,20080731,0,0
US9777,US9777,,United Seeds,White,Zea mays,HB,A 20174054,20171016,0,0
US9800,US9800,,United Seeds,Yellow,Zea mays,HB,A 20174040,20171010,0,0
US9911,US9911,,United Seeds,White,Zea mays,HB,A 20123110,20120724,0,0
USL 9690 R,USL9690R,,Link Seed,Yellow,Zea mays,GM,A 20123190,20120814,R,R
USL 9696 R,USL9696R,,Link Seed,Yellow,Zea mays,GM,A 20123191,20120814,R,R
VP 8208,VP8208,P 1319,Corteva Agriscience RSA,Yellow,Zea mays,HB,A 20153664,20150916,0,0
VP 8208 BR,VP8208BR,X13A488 BR,Corteva Agriscience RSA,Yellow,Zea mays,GM,A 20174016,20170828,BR,BR
VP 8208 R,VP8208R,X13A488 R,Corteva Agriscience RSA,Yellow,Zea mays,GM,A 20174027,20170828,R,R
VP8301B,VP8301B,,Corteva Agriscience RSA,White,Zea mays,GM,,,B,B
VP 8301 BR,VP8301BR,,Corteva Agriscience RSA,White,Zea mays,GM,A 20173984,20170824,BR,BR
VP 8301 R,VP8301R,,Corteva Agriscience RSA,White,Zea mays,GM,A 20174004,20170824,R,R
VP 8405,VP8405,,Corteva Agriscience RSA,White,Zea mays,HB,A 20174052,20171016,0,0
VP 8405 B,VP8405B,PHB 3X23B144WY B,Corteva Agriscience RSA,White,Zea mays,GM,A20123147,20120807,B,B
VP 8405 BR,VP8405BR,,Corteva Agriscience RSA,White,Zea mays,GM,A 20173985,20170824,BR,BR
VP8405R,VP8405R,,Corteva Agriscience RSA,White,Zea mays,GM,,,R,R
WE3127,WE3127,,ARC GCI,White,Zea mays,HB,A 20143504,20140930,0,0
WE3128,WE3128,,ARC GCI,White,Zea mays,HB,A 20143505,20140930,0,0
WE4143,WE4143,,ARC GCI,White,Zea mays,HB,A 20163891,20160913,0,0
WE4144,WE4144,,ARC GCI,White,Zea mays,HB,A 20153687,20151016,0,0
WE4145,WE4145,,ARC GCI,White,Zea mays,HB,A 20153688,20151016,0,0
WE4147,WE4147,,ARC GCI,White,Zea mays,HB,A 20153689,20151016,0,0
WE4307,WE4307,,ARC GCI,White,Zea mays,HB,A 20153690,20151016,0,0
WE4308,WE4308,,ARC GCI,White,Zea mays,HB,A 20153691,20151016,0,0
WE4309,WE4309,,ARC GCI,White,Zea mays,HB,A 20163892,20160913,0,0
WE4338,WE4338,,ARC GCI,White,Zea mays,HB,A 20153692,20151016,0,0
WE4351,WE4351,,ARC GCI,White,Zea mays,HB,A 20153693,20151016,0,0
WE4359,WE4359,,ARC GCI,White,Zea mays,HB,A 20153694,20151016,0,0
WE6115,WE6115,,ARC GCI,White,Zea mays,HB,A 20184175,20181005,0,0
WE6117,WE6117,,ARC GCI,White,Zea mays,HB,A 20184176,20181005,0,0
WE6206 B,WE6206B,,ARC GCI,White,Zea mays,GM,A 20173995,20170824,B,B
WE6207 B,WE6207B,,ARC GCI,White,Zea mays,GM,A 20173996,20170824,B,B
WE6208 B,WE6208B,,ARC GCI,White,Zea mays,GM,A 20173997,20170824,B,B
WE6209 B,WE6209B,,ARC GCI,White,Zea mays,GM,A 20173998,20170824,B,B
WE6210 B,WE6210B,,ARC GCI,White,Zea mays,GM,A 20173999,20170824,B,B
X08D413,X08D413,P1257,Corteva Agriscience RSA,Yellow,Zea mays,HB,A 20194316,20191007,0,0
X08D413 R,X08D413R,P1257 R,Corteva Agriscience RSA,Yellow,Zea mays,GM,A 20194272,20190912,R,R
X13A488 BR,X13A488BR,VP 8208 BR,Corteva Agriscience RSA,Yellow,Zea mays,GM,A 20174016,20170828,BR,BR
X13A488 R,X13A488R,VP 8208 R,Corteva Agriscience RSA,Yellow,Zea mays,GM,A 20174027,20170828,R,R
X13A502W BR,X13A502WBR,P1518W BR,Corteva Agriscience RSA,White,Zea mays,GM,A 20194285,20190912,BR,BR
X13B655 R,X13B655R,,Corteva Agriscience RSA,Yellow,Zea mays,GM,A 20174028,20170828,R,R
X13C815 BR,X13C815BR,PHB 33H58 BR,Corteva Agriscience RSA,Yellow,Zea mays,GM,A 20194271,20190912,BR,BR
X13D093 BR,X13D093BR,PAN 3R-700 BR,Corteva Agriscience RSA,Yellow,Zea mays,GM,A 20174017,20170828,BR,BR
X13D093 R,X13D093R,PAN 3R-500 R,Corteva Agriscience RSA,Yellow,Zea mays,GM,A 20184150,20180816,R,R
X13D102,X13D102,PAN 3A-124,Corteva Agriscience RSA,Yellow,Zea mays,HB,A 20194315,20191007,0,0
X13D102 BR,X13D102BR,PAN 3R-724 BR,Corteva Agriscience RSA,Yellow,Zea mays,GM,A 20174018,20170828,BR,BR
X13D102 R,X13D102R,PAN 3R-524 R,Corteva Agriscience RSA,Yellow,Zea mays,GM,A 20194264,20190912,R,R
X13K591,X13K591,PAN 4A-128,Corteva Agriscience RSA,Yellow,Zea mays,HB,A 20184192,20181108,0,0
X13K591 B,X13K591B,,Corteva Agriscience RSA,Yellow,Zea mays,GM,A 20174021,20170828,B,B
X13K591 R,X13K591R,PAN 4R-528 R,Corteva Agriscience RSA,Yellow,Zea mays,GM,A 20194266,20190912,R,R
X13K591 YR,X13K591YR,PAN 4R-728 BR,Corteva Agriscience RSA,Yellow,Zea mays,GM,A 20194267,20190912,YR,0
X13K594W B,X13K594WB,,Corteva Agriscience RSA,White,Zea mays,GM,A 20194289,20190912,B,B
X13K598,X13K598,P1513,Corteva Agriscience RSA,Yellow,Zea mays,HB,A 20194317,20191007,0,0
X13K598 B,X13K598B,,Corteva Agriscience RSA,Yellow,Zea mays,GM,A 20174022,20170828,B,B
X13K598 R,X13K598R,P1513 R,Corteva Agriscience RSA,Yellow,Zea mays,GM,A 20194259,20190912,R,R
X13M710,X13M710,,Corteva Agriscience RSA,Yellow,Zea mays,HB,A 20184181,20181108,0,0
X18F8831,X18F8831,P1788,Corteva Agriscience RSA,Yellow,Zea mays,HB,A 20184179,20181108,0,0
X18F883 B,X18F883B,P1788 B,Corteva Agriscience RSA,Yellow,Zea mays,GM,A 20194273,20190912,B,B
X18F883 BR,X18F883BR,P1788 BR,Corteva Agriscience RSA,Yellow,Zea mays,GM,A 20194274,20190912,BR,BR
X18F883 R,X18F883R,P1788 R,Corteva Agriscience RSA,Yellow,Zea mays,GM,A 20194275,20190912,R,R
X18K283 B,X18K283B,,Corteva Agriscience RSA,Yellow,Zea mays,GM,A 20174023,20170828,B,B
X18K290W B,X18K290WB,,Corteva Agriscience RSA,White,Zea mays,GM,A 20174000,20170824,B,B
X18K290W R,X18K290WR,P2531W R,Corteva Agriscience RSA,White,Zea mays,GM,A 20194296,20190912,R,R
X18K293W BR,X18K293WBR,,Corteva Agriscience RSA,White,Zea mays,GM,A 20173986,20170824,BR,BR
X18K293W R,X18K293WR,PAN 5R-575 R,Corteva Agriscience RSA,White,Zea mays,GM,A 20194297,20190912,R,R
X18K294,X18K294,,Corteva Agriscience RSA,Yellow,Zea mays,HB,A 20184178,20181108,0,0
X18K294 B,X18K294B,,Corteva Agriscience RSA,Yellow,Zea mays,GM,A 20174024,20170828,B,B
X18K298W B,X18K298WB,,Corteva Agriscience RSA,White,Zea mays,GM,A 20174001,20170824,B,B
X18K298W R,X18K298WR,,Corteva Agriscience RSA,White,Zea mays,GM,A 20194298,20190912,R,R
X18K327 B,X18K327B,,Corteva Agriscience RSA,Yellow,Zea mays,GM,A 20174025,20170828,B,B
X18K339,X18K339,,Corteva Agriscience RSA,Yellow,Zea mays,HB,A 20174041,20171010,0,0
X18M094W R,X18M094WR,,Corteva Agriscience RSA,White,Zea mays,GM,A 20194299,20190912,R,R
X18M095,X18M095,,Corteva Agriscience RSA,Yellow,Zea mays,HB,A 20184180,20181108,0,0
X18N9351,X18N9351,,Corteva Agriscience RSA,Yellow,Zea mays,HB,A 20194318,20191007,0,0
X18N939,X18N939,P1975,Corteva Agriscience RSA,Yellow,Zea mays,HB,A 20194319,20191007,0,0
X23B148 BR,X23B148BR,P2432 BR,Corteva Agriscience RSA,Yellow,Zea mays,GM,A 20194263,20190912,BR,BR
X23F436W R,X23F436WR,,Corteva Agriscience RSA,White,Zea mays,GM,A 20194325,20191107,R,R
X23F436W YR,X23F436WYR,,Corteva Agriscience RSA,White,Zea mays,GM,A 20184157,20180816,YR,0
X23F438W B,X23F438WB,P2555W B,Corteva Agriscience RSA,White,Zea mays,GM,A 20194290,20190912,B,B
X23F438W BR,X23F438WBR,P2555W BR,Corteva Agriscience RSA,White,Zea mays,GM,A 20194286,20190912,BR,BR
X23F442,X23F442,P2370,Corteva Agriscience RSA,Yellow,Zea mays,HB,A 20174042,20171010,0,0
X23H517,X23H517,P2367,Corteva Agriscience RSA,Yellow,Zea mays,HB,A 20174043,20171010,0,0
X23H518 BR,X23H518BR,P2319 BR,Corteva Agriscience RSA,Yellow,Zea mays,GM,A 20194262,20190912,BR,BR
X23H518 R,X23H518R,P2319 R,Corteva Agriscience RSA,Yellow,Zea mays,GM,A 20174029,20170828,R,R
X23H522 R,X23H522R,PAN 5R-570 R,Corteva Agriscience RSA,Yellow,Zea mays,GM,A 20194269,20190912,R,R
X25K079,X25K079,,Corteva Agriscience RSA,Yellow,Zea mays,HB,A 20174044,20171010,0,0
X25K084W BR,X25K084WBR,,Corteva Agriscience RSA,White,Zea mays,GM,A 20173987,20170824,BR,BR
X25K084W R,X25K084WR,,Corteva Agriscience RSA,White,Zea mays,GM,A 20184158,20180816,R,R
X25K085W BR,X25K085WBR,,Corteva Agriscience RSA,White,Zea mays,GM,A 20173988,20170824,BR,BR
X25K090W BR,X25K090WBR,,Corteva Agriscience RSA,White,Zea mays,GM,A 20173989,20170824,BR,BR
X25K090W R,X25K090WR,,Corteva Agriscience RSA,White,Zea mays,GM,A 20184159,20180816,R,R
X25K091W B,X25K091WB,P2565W B,Corteva Agriscience RSA,White,Zea mays,GM,A 20194291,20190912,B,B
X25M112,X25M112,,Corteva Agriscience RSA,Yellow,Zea mays,HB,A 20184185,20181108,0,0
X25M116,X25M116,,Corteva Agriscience RSA,Yellow,Zea mays,HB,A 20184183,20181108,0,0
X25M124,X25M124,,Corteva Agriscience RSA,Yellow,Zea mays,HB,A 20184186,20181108,0,0
X25M124 B,X25M124B,,Corteva Agriscience RSA,Yellow,Zea mays,GM,A 20194276,20190912,B,B
X25M127W R,X25M127WR,,Corteva Agriscience RSA,White,Zea mays,GM,A 20194300,20190912,R,R
X25M128W R,X25M128WR,,Corteva Agriscience RSA,White,Zea mays,GM,A 20194301,20190912,R,R
X25M130,X25M130,,Corteva Agriscience RSA,Yellow,Zea mays,HB,A 20184182,20181108,0,0
X25M132W R,X25M132WR,,Corteva Agriscience RSA,White,Zea mays,GM,A 20194302,20190912,R,R
X25M133W R,X25M133WR,,Corteva Agriscience RSA,White,Zea mays,GM,A 20194303,20190912,R,R
X25N200W R,X25N200WR,,Corteva Agriscience RSA,White,Zea mays,GM,A 20194304,20190912,R,R
X25N201W B,X25N201WB,,Corteva Agriscience RSA,White,Zea mays,GM,A 20194292,20190912,B,B
X25N204W B,X25N204WB,,Corteva Agriscience RSA,White,Zea mays,GM,A 20194293,20190912,B,B
X25N2061,X25N2061,,Corteva Agriscience RSA,Yellow,Zea mays,HB,A 20194320,20191007,0,0
X25N208 BR,X25N208BR,,Corteva Agriscience RSA,Yellow,Zea mays,GM,A 20194277,20190912,BR,BR
X25N2101,X25N2101,,Corteva Agriscience RSA,Yellow,Zea mays,HB,A 20194321,20191007,0,0
X25N212 BR,X25N212BR,,Corteva Agriscience RSA,Yellow,Zea mays,GM,A 20194278,20190912,BR,BR
X25N212 R,X25N212R,,Corteva Agriscience RSA,Yellow,Zea mays,GM,A 20194279,20190912,R,R
X25N216,X25N216,P2636,Corteva Agriscience RSA,Yellow,Zea mays,HB,A 20194322,20191007,0,0
X25N221,X25N221,,Corteva Agriscience RSA,Yellow,Zea mays,HB,A 20194323,20191007,0,0
X28D297W R,X28D297WR,,Corteva Agriscience RSA,White,Zea mays,GM,A 20184160,20180816,R,R
X28D299W R,X28D299WR,,Corteva Agriscience RSA,White,Zea mays,GM,A 20174005,20170824,R,R
X28D308W R,X28D308WR,,Corteva Agriscience RSA,White,Zea mays,GM,A 20174006,20170824,R,R
X28D310W R,X28D310WR,,Corteva Agriscience RSA,White,Zea mays,GM,A 20184161,20180816,R,R
X30K275W BR,X30K275WBR,,Corteva Agriscience RSA,White,Zea mays,GM,A 20173991,20170824,BR,BR
X30K275W R,X30K275WR,,Corteva Agriscience RSA,White,Zea mays,GM,A 20184162,20180816,R,R
X30K277W BR,X30K277WBR,P2927WY R,Corteva Agriscience RSA,White,Zea mays,GM,A 20173990,20170824,BR,BR
X30K277W R,X30K277WR,P2927W R,Corteva Agriscience RSA,White,Zea mays,GM,A 20184163,20180816,R,R
X30K277WYR,X30K277WYR,,Corteva Agriscience RSA,Yellow,Zea mays,GM,,,R,R
X30K278W BR,X30K278WBR,,Corteva Agriscience RSA,White,Zea mays,GM,A 20173992,20170824,BR,BR
X30K278W R,X30K278WR,PAN 5R-535 R,Corteva Agriscience RSA,White,Zea mays,GM,A 20184164,20180816,R,R
X30M371,X30M371,,Corteva Agriscience RSA,Yellow,Zea mays,HB,A 20184184,20181108,0,0
X30M372W R,X30M372WR,PAN 5R-561 R,Corteva Agriscience RSA,White,Zea mays,GM,A 20194305,20190912,R,R
X30M373 B,X30M373B,,Corteva Agriscience RSA,Yellow,Zea mays,GM,A 20194280,20190912,B,B
X35H446W R,X35H446WR,,Corteva Agriscience RSA,White,Zea mays,GM,A 20174007,20170824,R,R
X6H921 BR,X6H921BR,,Corteva Agriscience RSA,Yellow,Zea mays,GM,A 20194281,20190912,BR,BR
X8F871 BR,X8F871BR,PHB 31D23 BR,Corteva Agriscience RSA,Yellow,Zea mays,GM,A 20194282,20190912,BR,BR
Zama,Zama,,Wickens Investments,White,Zea mays,HB,A 20052213,20050818,0,0
ZAMA STAR,ZAMASTAR,,Pannar Seed,White,Zea mays,OP,A 20031856,20030710,0,0
ZM 1421,ZM1421,,ARC GCI,White,Zea mays,OP,A 20042084,20040902,0,0
ZM 1423,ZM1423,,ARC GCI,White,Zea mays,OP,A 20062369,20060823,0,0
ZM 1523,ZM1523,,ARC GCI,White,Zea mays,OP,A 20062370,20060823,0,0
ZM 1611,ZM1611,,ARC GCI,White,Zea mays,OP,A 20042085,20040902,0,0
ZM 1623,ZM1623,,ARC GCI,White,Zea mays,OP,A 20062370,20060823,0,0
ZM 309,ZM309,,Capstone Seeds,White,Zea mays,OP,A 20123086,20120724,0,0
ZM 521,ZM521,,ARC GCI,White,Zea mays,OP,A 20021753,20020910,0,0
